city,city_ibge_code,date,epidemiological_week,estimated_population,estimated_population_2019,is_last,is_repeated,last_available_confirmed,last_available_confirmed_per_100k_inhabitants,last_available_date,last_available_death_rate,last_available_deaths,order_for_place,place_type,state,new_confirmed,new_deaths
Porto Alegre,4314902.0,2020-03-11,202011,1488252.0,1483771.0,False,False,1,0.06719,2020-03-11,0.0,0,1,city,RS,1,0
Porto Alegre,4314902.0,2020-03-12,202011,1488252.0,1483771.0,False,False,2,0.13439,2020-03-12,0.0,0,2,city,RS,1,0
Porto Alegre,4314902.0,2020-03-13,202011,1488252.0,1483771.0,False,False,2,0.13439,2020-03-13,0.0,0,3,city,RS,0,0
Porto Alegre,4314902.0,2020-03-14,202011,1488252.0,1483771.0,False,True,2,0.13439,2020-03-13,0.0,0,4,city,RS,0,0
Porto Alegre,4314902.0,2020-03-15,202012,1488252.0,1483771.0,False,True,2,0.13439,2020-03-13,0.0,0,5,city,RS,0,0
Porto Alegre,4314902.0,2020-03-16,202012,1488252.0,1483771.0,False,False,6,0.40316,2020-03-16,0.0,0,6,city,RS,4,0
Porto Alegre,4314902.0,2020-03-17,202012,1488252.0,1483771.0,False,True,6,0.40316,2020-03-16,0.0,0,7,city,RS,0,0
Porto Alegre,4314902.0,2020-03-18,202012,1488252.0,1483771.0,False,False,15,1.00789,2020-03-18,0.0,0,8,city,RS,9,0
Porto Alegre,4314902.0,2020-03-19,202012,1488252.0,1483771.0,False,False,20,1.34386,2020-03-19,0.0,0,9,city,RS,5,0
Porto Alegre,4314902.0,2020-03-20,202012,1488252.0,1483771.0,False,False,25,1.67982,2020-03-20,0.0,0,10,city,RS,5,0
Porto Alegre,4314902.0,2020-03-21,202012,1488252.0,1483771.0,False,False,35,2.35175,2020-03-21,0.0,0,11,city,RS,10,0
Porto Alegre,4314902.0,2020-03-22,202013,1488252.0,1483771.0,False,False,38,2.55333,2020-03-22,0.0,0,12,city,RS,3,0
Porto Alegre,4314902.0,2020-03-23,202013,1488252.0,1483771.0,False,False,41,2.75491,2020-03-23,0.0,0,13,city,RS,3,0
Porto Alegre,4314902.0,2020-03-24,202013,1488252.0,1483771.0,False,False,47,3.15807,2020-03-24,0.0,0,14,city,RS,6,0
Porto Alegre,4314902.0,2020-03-25,202013,1488252.0,1483771.0,False,False,87,5.84578,2020-03-25,0.0115,1,15,city,RS,40,1
Porto Alegre,4314902.0,2020-03-26,202013,1488252.0,1483771.0,False,False,103,6.92087,2020-03-26,0.0097,1,16,city,RS,16,0
Porto Alegre,4314902.0,2020-03-27,202013,1488252.0,1483771.0,False,False,107,7.18964,2020-03-27,0.0187,2,17,city,RS,4,1
Porto Alegre,4314902.0,2020-03-28,202013,1488252.0,1483771.0,False,False,107,7.18964,2020-03-28,0.0187,2,18,city,RS,0,0
Porto Alegre,4314902.0,2020-03-29,202014,1488252.0,1483771.0,False,False,135,9.07104,2020-03-29,0.0148,2,19,city,RS,28,0
Porto Alegre,4314902.0,2020-03-30,202014,1488252.0,1483771.0,False,False,143,9.60859,2020-03-30,0.014,2,20,city,RS,8,0
Porto Alegre,4314902.0,2020-03-31,202014,1488252.0,1483771.0,False,False,190,12.76666,2020-03-31,0.0105,2,21,city,RS,47,0
Porto Alegre,4314902.0,2020-04-01,202014,1488252.0,1483771.0,False,False,190,12.76666,2020-04-01,0.0158,3,22,city,RS,0,1
Porto Alegre,4314902.0,2020-04-02,202014,1488252.0,1483771.0,False,False,232,15.58876,2020-04-02,0.0129,3,23,city,RS,42,0
Porto Alegre,4314902.0,2020-04-03,202014,1488252.0,1483771.0,False,False,233,15.65595,2020-04-03,0.0172,4,24,city,RS,1,1
Porto Alegre,4314902.0,2020-04-04,202014,1488252.0,1483771.0,False,False,241,16.19349,2020-04-04,0.0166,4,25,city,RS,8,0
Porto Alegre,4314902.0,2020-04-05,202015,1488252.0,1483771.0,False,False,254,17.067,2020-04-05,0.0197,5,26,city,RS,13,1
Porto Alegre,4314902.0,2020-04-06,202015,1488252.0,1483771.0,False,False,253,16.99981,2020-04-06,0.0198,5,27,city,RS,-1,0
Porto Alegre,4314902.0,2020-04-07,202015,1488252.0,1483771.0,False,False,272,18.27647,2020-04-07,0.0184,5,28,city,RS,19,0
Porto Alegre,4314902.0,2020-04-08,202015,1488252.0,1483771.0,False,False,279,18.74683,2020-04-08,0.0215,6,29,city,RS,7,1
Porto Alegre,4314902.0,2020-04-09,202015,1488252.0,1483771.0,False,False,303,20.35946,2020-04-09,0.0198,6,30,city,RS,24,0
Porto Alegre,4314902.0,2020-04-10,202015,1488252.0,1483771.0,False,False,303,20.35946,2020-04-10,0.0198,6,31,city,RS,0,0
Porto Alegre,4314902.0,2020-04-11,202015,1488252.0,1483771.0,False,False,311,20.897,2020-04-11,0.0193,6,32,city,RS,8,0
Porto Alegre,4314902.0,2020-04-12,202016,1488252.0,1483771.0,False,False,314,21.09858,2020-04-12,0.0191,6,33,city,RS,3,0
Porto Alegre,4314902.0,2020-04-13,202016,1488252.0,1483771.0,False,False,315,21.16577,2020-04-13,0.0222,7,34,city,RS,1,1
Porto Alegre,4314902.0,2020-04-14,202016,1488252.0,1483771.0,False,False,327,21.97209,2020-04-14,0.0245,8,35,city,RS,12,1
Porto Alegre,4314902.0,2020-04-15,202016,1488252.0,1483771.0,False,False,350,23.51752,2020-04-15,0.0229,8,36,city,RS,23,0
Porto Alegre,4314902.0,2020-04-16,202016,1488252.0,1483771.0,False,False,361,24.25664,2020-04-16,0.0222,8,37,city,RS,11,0
Porto Alegre,4314902.0,2020-04-17,202016,1488252.0,1483771.0,False,False,369,24.79419,2020-04-17,0.0244,9,38,city,RS,8,1
Porto Alegre,4314902.0,2020-04-18,202016,1488252.0,1483771.0,False,False,374,25.13015,2020-04-18,0.0241,9,39,city,RS,5,0
Porto Alegre,4314902.0,2020-04-19,202017,1488252.0,1483771.0,False,False,374,25.13015,2020-04-19,0.0241,9,40,city,RS,0,0
Porto Alegre,4314902.0,2020-04-20,202017,1488252.0,1483771.0,False,False,390,26.20524,2020-04-20,0.0256,10,41,city,RS,16,1
Porto Alegre,4314902.0,2020-04-21,202017,1488252.0,1483771.0,False,False,393,26.40682,2020-04-21,0.0254,10,42,city,RS,3,0
Porto Alegre,4314902.0,2020-04-22,202017,1488252.0,1483771.0,False,False,401,26.94436,2020-04-22,0.0249,10,43,city,RS,8,0
Porto Alegre,4314902.0,2020-04-23,202017,1488252.0,1483771.0,False,False,413,27.75068,2020-04-23,0.0242,10,44,city,RS,12,0
Porto Alegre,4314902.0,2020-04-24,202017,1488252.0,1483771.0,False,False,420,28.22103,2020-04-24,0.0262,11,45,city,RS,7,1
Porto Alegre,4314902.0,2020-04-25,202017,1488252.0,1483771.0,False,False,425,28.55699,2020-04-25,0.0282,12,46,city,RS,5,1
Porto Alegre,4314902.0,2020-04-26,202018,1488252.0,1483771.0,False,False,427,28.69138,2020-04-26,0.0281,12,47,city,RS,2,0
Porto Alegre,4314902.0,2020-04-27,202018,1488252.0,1483771.0,False,False,430,28.89296,2020-04-27,0.0326,14,48,city,RS,3,2
Porto Alegre,4314902.0,2020-04-28,202018,1488252.0,1483771.0,False,False,441,29.63208,2020-04-28,0.0317,14,49,city,RS,11,0
Porto Alegre,4314902.0,2020-04-29,202018,1488252.0,1483771.0,False,False,447,30.03524,2020-04-29,0.0313,14,50,city,RS,6,0
Porto Alegre,4314902.0,2020-04-30,202018,1488252.0,1483771.0,False,False,451,30.30401,2020-04-30,0.0333,15,51,city,RS,4,1
Porto Alegre,4314902.0,2020-05-01,202018,1488252.0,1483771.0,False,False,455,30.57278,2020-05-01,0.033,15,52,city,RS,4,0
Porto Alegre,4314902.0,2020-05-02,202018,1488252.0,1483771.0,False,False,454,30.50559,2020-05-02,0.0352,16,53,city,RS,-1,1
Porto Alegre,4314902.0,2020-05-03,202019,1488252.0,1483771.0,False,False,460,30.90874,2020-05-03,0.0348,16,54,city,RS,6,0
Porto Alegre,4314902.0,2020-05-04,202019,1488252.0,1483771.0,False,False,464,31.17752,2020-05-04,0.0345,16,55,city,RS,4,0
Porto Alegre,4314902.0,2020-05-05,202019,1488252.0,1483771.0,False,False,467,31.37909,2020-05-05,0.0364,17,56,city,RS,3,1
Porto Alegre,4314902.0,2020-05-06,202019,1488252.0,1483771.0,False,False,477,32.05102,2020-05-06,0.0356,17,57,city,RS,10,0
Porto Alegre,4314902.0,2020-05-07,202019,1488252.0,1483771.0,False,False,479,32.18541,2020-05-07,0.0355,17,58,city,RS,2,0
Porto Alegre,4314902.0,2020-05-08,202019,1488252.0,1483771.0,False,False,498,33.46207,2020-05-08,0.0341,17,59,city,RS,19,0
Porto Alegre,4314902.0,2020-05-09,202019,1488252.0,1483771.0,False,False,507,34.06681,2020-05-09,0.0335,17,60,city,RS,9,0
Porto Alegre,4314902.0,2020-05-10,202020,1488252.0,1483771.0,False,False,508,34.134,2020-05-10,0.0335,17,61,city,RS,1,0
Porto Alegre,4314902.0,2020-05-11,202020,1488252.0,1483771.0,False,False,529,35.54506,2020-05-11,0.034,18,62,city,RS,21,1
Porto Alegre,4314902.0,2020-05-12,202020,1488252.0,1483771.0,False,False,546,36.68734,2020-05-12,0.0348,19,63,city,RS,17,1
Porto Alegre,4314902.0,2020-05-13,202020,1488252.0,1483771.0,False,False,564,37.89681,2020-05-13,0.0372,21,64,city,RS,18,2
Porto Alegre,4314902.0,2020-05-14,202020,1488252.0,1483771.0,False,False,574,38.56874,2020-05-14,0.0366,21,65,city,RS,10,0
Porto Alegre,4314902.0,2020-05-15,202020,1488252.0,1483771.0,False,False,597,40.11417,2020-05-15,0.0352,21,66,city,RS,23,0
Porto Alegre,4314902.0,2020-05-16,202020,1488252.0,1483771.0,False,False,597,40.11417,2020-05-16,0.0352,21,67,city,RS,0,0
Porto Alegre,4314902.0,2020-05-17,202021,1488252.0,1483771.0,False,False,602,40.45014,2020-05-17,0.0349,21,68,city,RS,5,0
Porto Alegre,4314902.0,2020-05-18,202021,1488252.0,1483771.0,False,False,603,40.51733,2020-05-18,0.0398,24,69,city,RS,1,3
Porto Alegre,4314902.0,2020-05-19,202021,1488252.0,1483771.0,False,False,603,40.51733,2020-05-19,0.0415,25,70,city,RS,0,1
Porto Alegre,4314902.0,2020-05-20,202021,1488252.0,1483771.0,False,False,601,40.38295,2020-05-20,0.0416,25,71,city,RS,-2,0
Porto Alegre,4314902.0,2020-05-21,202021,1488252.0,1483771.0,False,False,601,40.38295,2020-05-21,0.0433,26,72,city,RS,0,1
Porto Alegre,4314902.0,2020-05-22,202021,1488252.0,1483771.0,False,False,601,40.38295,2020-05-22,0.0433,26,73,city,RS,0,0
Porto Alegre,4314902.0,2020-05-23,202021,1488252.0,1483771.0,False,False,601,40.38295,2020-05-23,0.0449,27,74,city,RS,0,1
Porto Alegre,4314902.0,2020-05-24,202022,1488252.0,1483771.0,False,False,602,40.45014,2020-05-24,0.0465,28,75,city,RS,1,1
Porto Alegre,4314902.0,2020-05-25,202022,1488252.0,1483771.0,False,False,603,40.51733,2020-05-25,0.0531,32,76,city,RS,1,4
Porto Alegre,4314902.0,2020-05-26,202022,1488252.0,1483771.0,False,False,603,40.51733,2020-05-26,0.0531,32,77,city,RS,0,0
Porto Alegre,4314902.0,2020-05-27,202022,1488252.0,1483771.0,False,False,603,40.51733,2020-05-27,0.0531,32,78,city,RS,0,0
Porto Alegre,4314902.0,2020-05-28,202022,1488252.0,1483771.0,False,False,605,40.65172,2020-05-28,0.0579,35,79,city,RS,2,3
Porto Alegre,4314902.0,2020-05-29,202022,1488252.0,1483771.0,False,False,637,42.80189,2020-05-29,0.0534,34,80,city,RS,32,-1
Porto Alegre,4314902.0,2020-05-30,202022,1488252.0,1483771.0,False,False,731,49.11803,2020-05-30,0.0465,34,81,city,RS,94,0
Porto Alegre,4314902.0,2020-05-31,202023,1488252.0,1483771.0,False,False,743,49.92434,2020-05-31,0.0471,35,82,city,RS,12,1
Porto Alegre,4314902.0,2020-06-01,202023,1488252.0,1483771.0,False,False,744,49.99153,2020-06-01,0.0497,37,83,city,RS,1,2
Porto Alegre,4314902.0,2020-06-02,202023,1488252.0,1483771.0,False,False,747,50.19311,2020-06-02,0.0522,39,84,city,RS,3,2
Porto Alegre,4314902.0,2020-06-03,202023,1488252.0,1483771.0,False,False,778,52.27609,2020-06-03,0.0527,41,85,city,RS,31,2
Porto Alegre,4314902.0,2020-06-04,202023,1488252.0,1483771.0,False,False,949,63.76608,2020-06-04,0.0443,42,86,city,RS,171,1
Porto Alegre,4314902.0,2020-06-05,202023,1488252.0,1483771.0,False,False,1077,72.36678,2020-06-05,0.0399,43,87,city,RS,128,1
Porto Alegre,4314902.0,2020-06-06,202023,1488252.0,1483771.0,False,False,1131,75.99519,2020-06-06,0.0389,44,88,city,RS,54,1
Porto Alegre,4314902.0,2020-06-07,202024,1488252.0,1483771.0,False,False,1139,76.53274,2020-06-07,0.0386,44,89,city,RS,8,0
Porto Alegre,4314902.0,2020-06-08,202024,1488252.0,1483771.0,False,False,1141,76.66712,2020-06-08,0.0386,44,90,city,RS,2,0
Porto Alegre,4314902.0,2020-06-09,202024,1488252.0,1483771.0,False,False,1153,77.47344,2020-06-09,0.0399,46,91,city,RS,12,2
Porto Alegre,4314902.0,2020-06-10,202024,1488252.0,1483771.0,False,False,1245,83.65519,2020-06-10,0.0386,48,92,city,RS,92,2
Porto Alegre,4314902.0,2020-06-11,202024,1488252.0,1483771.0,False,False,1297,87.14922,2020-06-11,0.0393,51,93,city,RS,52,3
Porto Alegre,4314902.0,2020-06-12,202024,1488252.0,1483771.0,False,False,1304,87.61957,2020-06-12,0.0391,51,94,city,RS,7,0
Porto Alegre,4314902.0,2020-06-13,202024,1488252.0,1483771.0,False,False,1346,90.44167,2020-06-13,0.0386,52,95,city,RS,42,1
Porto Alegre,4314902.0,2020-06-14,202025,1488252.0,1483771.0,False,False,1353,90.91202,2020-06-14,0.0392,53,96,city,RS,7,1
Porto Alegre,4314902.0,2020-06-15,202025,1488252.0,1483771.0,False,False,1398,93.9357,2020-06-15,0.0393,55,97,city,RS,45,2
Porto Alegre,4314902.0,2020-06-16,202025,1488252.0,1483771.0,False,False,1568,105.3585,2020-06-16,0.0364,57,98,city,RS,170,2
Porto Alegre,4314902.0,2020-06-17,202025,1488252.0,1483771.0,False,False,1611,108.2478,2020-06-17,0.036,58,99,city,RS,43,1
Porto Alegre,4314902.0,2020-06-18,202025,1488252.0,1483771.0,False,False,1632,109.65885,2020-06-18,0.0368,60,100,city,RS,21,2
Porto Alegre,4314902.0,2020-06-19,202025,1488252.0,1483771.0,False,False,1648,110.73393,2020-06-19,0.0382,63,101,city,RS,16,3
Porto Alegre,4314902.0,2020-06-20,202025,1488252.0,1483771.0,False,False,1669,112.14499,2020-06-20,0.0383,64,102,city,RS,21,1
Porto Alegre,4314902.0,2020-06-21,202026,1488252.0,1483771.0,False,False,1673,112.41376,2020-06-21,0.0389,65,103,city,RS,4,1
Porto Alegre,4314902.0,2020-06-22,202026,1488252.0,1483771.0,False,False,1694,113.82481,2020-06-22,0.039,66,104,city,RS,21,1
Porto Alegre,4314902.0,2020-06-23,202026,1488252.0,1483771.0,False,False,1868,125.51638,2020-06-23,0.0359,67,105,city,RS,174,1
Porto Alegre,4314902.0,2020-06-24,202026,1488252.0,1483771.0,False,False,2123,142.65057,2020-06-24,0.0325,69,106,city,RS,255,2
Porto Alegre,4314902.0,2020-06-25,202026,1488252.0,1483771.0,False,False,2265,152.19197,2020-06-25,0.0305,69,107,city,RS,142,0
Porto Alegre,4314902.0,2020-06-26,202026,1488252.0,1483771.0,False,False,2383,160.12073,2020-06-26,0.0319,76,108,city,RS,118,7
Porto Alegre,4314902.0,2020-06-27,202026,1488252.0,1483771.0,False,False,2456,165.02582,2020-06-27,0.0322,79,109,city,RS,73,3
Porto Alegre,4314902.0,2020-06-28,202027,1488252.0,1483771.0,False,False,2464,165.56336,2020-06-28,0.0325,80,110,city,RS,8,1
Porto Alegre,4314902.0,2020-06-29,202027,1488252.0,1483771.0,False,False,2484,166.90722,2020-06-29,0.0338,84,111,city,RS,20,4
Porto Alegre,4314902.0,2020-06-30,202027,1488252.0,1483771.0,False,False,2589,173.96247,2020-06-30,0.0344,89,112,city,RS,105,5
Porto Alegre,4314902.0,2020-07-01,202027,1488252.0,1483771.0,False,False,2700,181.42089,2020-07-01,0.0341,92,113,city,RS,111,3
Porto Alegre,4314902.0,2020-07-02,202027,1488252.0,1483771.0,False,False,2779,186.72913,2020-07-02,0.0342,95,114,city,RS,79,3
Porto Alegre,4314902.0,2020-07-03,202027,1488252.0,1483771.0,False,False,2884,193.78439,2020-07-03,0.0347,100,115,city,RS,105,5
Porto Alegre,4314902.0,2020-07-04,202027,1488252.0,1483771.0,False,False,3007,202.04912,2020-07-04,0.0362,109,116,city,RS,123,9
Porto Alegre,4314902.0,2020-07-05,202028,1488252.0,1483771.0,False,False,3111,209.03718,2020-07-05,0.0363,113,117,city,RS,104,4
Porto Alegre,4314902.0,2020-07-06,202028,1488252.0,1483771.0,False,False,3158,212.19525,2020-07-06,0.0374,118,118,city,RS,47,5
Porto Alegre,4314902.0,2020-07-07,202028,1488252.0,1483771.0,False,False,3395,228.11997,2020-07-07,0.0374,127,119,city,RS,237,9
Porto Alegre,4314902.0,2020-07-08,202028,1488252.0,1483771.0,False,False,3639,244.51504,2020-07-08,0.0368,134,120,city,RS,244,7
Porto Alegre,4314902.0,2020-07-09,202028,1488252.0,1483771.0,False,False,3726,250.36083,2020-07-09,0.0389,145,121,city,RS,87,11
Porto Alegre,4314902.0,2020-07-10,202028,1488252.0,1483771.0,False,False,3788,254.52679,2020-07-10,0.0399,151,122,city,RS,62,6
Porto Alegre,4314902.0,2020-07-11,202028,1488252.0,1483771.0,False,False,3912,262.85871,2020-07-11,0.0389,152,123,city,RS,124,1
Porto Alegre,4314902.0,2020-07-12,202029,1488252.0,1483771.0,False,False,3928,263.9338,2020-07-12,0.04,157,124,city,RS,16,5
Porto Alegre,4314902.0,2020-07-13,202029,1488252.0,1483771.0,False,False,3980,267.42783,2020-07-13,0.0417,166,125,city,RS,52,9
Porto Alegre,4314902.0,2020-07-14,202029,1488252.0,1483771.0,False,False,4159,279.45536,2020-07-14,0.043,179,126,city,RS,179,13
Porto Alegre,4314902.0,2020-07-15,202029,1488252.0,1483771.0,False,False,4241,284.96518,2020-07-15,0.0434,184,127,city,RS,82,5
Porto Alegre,4314902.0,2020-07-16,202029,1488252.0,1483771.0,False,False,5860,393.75052,2020-07-16,0.0323,189,128,city,RS,1619,5
Porto Alegre,4314902.0,2020-07-17,202029,1488252.0,1483771.0,False,False,6148,413.10208,2020-07-17,0.0312,192,129,city,RS,288,3
Porto Alegre,4314902.0,2020-07-18,202029,1488252.0,1483771.0,False,False,6180,415.25226,2020-07-18,0.0324,200,130,city,RS,32,8
Porto Alegre,4314902.0,2020-07-19,202030,1488252.0,1483771.0,False,False,6337,425.80154,2020-07-19,0.0322,204,131,city,RS,157,4
Porto Alegre,4314902.0,2020-07-20,202030,1488252.0,1483771.0,False,False,6545,439.77767,2020-07-20,0.033,216,132,city,RS,208,12
Porto Alegre,4314902.0,2020-07-21,202030,1488252.0,1483771.0,False,False,6728,452.07398,2020-07-21,0.034,229,133,city,RS,183,13
Porto Alegre,4314902.0,2020-07-22,202030,1488252.0,1483771.0,False,False,6844,459.86836,2020-07-22,0.0348,238,134,city,RS,116,9
Porto Alegre,4314902.0,2020-07-23,202030,1488252.0,1483771.0,False,False,7033,472.56782,2020-07-23,0.0358,252,135,city,RS,189,14
Porto Alegre,4314902.0,2020-07-24,202030,1488252.0,1483771.0,False,False,7288,489.70201,2020-07-24,0.0353,257,136,city,RS,255,5
Porto Alegre,4314902.0,2020-07-25,202030,1488252.0,1483771.0,False,False,7617,511.80848,2020-07-25,0.0347,264,137,city,RS,329,7
Porto Alegre,4314902.0,2020-07-26,202031,1488252.0,1483771.0,False,False,7652,514.16024,2020-07-26,0.0348,266,138,city,RS,35,2
Porto Alegre,4314902.0,2020-07-27,202031,1488252.0,1483771.0,False,False,7668,515.23532,2020-07-27,0.0356,273,139,city,RS,16,7
Porto Alegre,4314902.0,2020-07-28,202031,1488252.0,1483771.0,False,False,7757,521.21549,2020-07-28,0.0379,294,140,city,RS,89,21
Porto Alegre,4314902.0,2020-07-29,202031,1488252.0,1483771.0,False,False,8045,540.56705,2020-07-29,0.0382,307,141,city,RS,288,13
Porto Alegre,4314902.0,2020-07-30,202031,1488252.0,1483771.0,False,False,8212,551.78827,2020-07-30,0.0393,323,142,city,RS,167,16
Porto Alegre,4314902.0,2020-07-31,202031,1488252.0,1483771.0,False,False,8256,554.74476,2020-07-31,0.0405,334,143,city,RS,44,11
Porto Alegre,4314902.0,2020-08-01,202031,1488252.0,1483771.0,False,False,8627,579.67333,2020-08-01,0.04,345,144,city,RS,371,11
Porto Alegre,4314902.0,2020-08-02,202032,1488252.0,1483771.0,False,False,8622,579.33737,2020-08-02,0.0411,354,145,city,RS,-5,9
Porto Alegre,4314902.0,2020-08-03,202032,1488252.0,1483771.0,False,False,8672,582.69702,2020-08-03,0.0421,365,146,city,RS,50,11
Porto Alegre,4314902.0,2020-08-04,202032,1488252.0,1483771.0,False,False,8778,589.81947,2020-08-04,0.0441,387,147,city,RS,106,22
Porto Alegre,4314902.0,2020-08-05,202032,1488252.0,1483771.0,False,False,9220,619.51874,2020-08-05,0.0433,399,148,city,RS,442,12
Porto Alegre,4314902.0,2020-08-06,202032,1488252.0,1483771.0,False,False,9532,640.48293,2020-08-06,0.0431,411,149,city,RS,312,12
Porto Alegre,4314902.0,2020-08-07,202032,1488252.0,1483771.0,False,False,9573,643.23784,2020-08-07,0.0444,425,150,city,RS,41,14
Porto Alegre,4314902.0,2020-08-08,202032,1488252.0,1483771.0,False,False,9927,667.02413,2020-08-08,0.0436,433,151,city,RS,354,8
Porto Alegre,4314902.0,2020-08-09,202033,1488252.0,1483771.0,False,False,9945,668.23361,2020-08-09,0.044,438,152,city,RS,18,5
Porto Alegre,4314902.0,2020-08-10,202033,1488252.0,1483771.0,False,False,9944,668.16641,2020-08-10,0.0456,453,153,city,RS,-1,15
Porto Alegre,4314902.0,2020-08-11,202033,1488252.0,1483771.0,False,False,10148,681.87377,2020-08-11,0.046,467,154,city,RS,204,14
Porto Alegre,4314902.0,2020-08-12,202033,1488252.0,1483771.0,False,False,10272,690.20569,2020-08-12,0.0475,488,155,city,RS,124,21
Porto Alegre,4314902.0,2020-08-13,202033,1488252.0,1483771.0,False,False,10387,697.93288,2020-08-13,0.0482,501,156,city,RS,115,13
Porto Alegre,4314902.0,2020-08-14,202033,1488252.0,1483771.0,False,False,10503,705.72726,2020-08-14,0.0486,510,157,city,RS,116,9
Porto Alegre,4314902.0,2020-08-15,202033,1488252.0,1483771.0,False,False,10666,716.6797,2020-08-15,0.0482,514,158,city,RS,163,4
Porto Alegre,4314902.0,2020-08-16,202034,1488252.0,1483771.0,False,False,10696,718.69549,2020-08-16,0.0484,518,159,city,RS,30,4
Porto Alegre,4314902.0,2020-08-17,202034,1488252.0,1483771.0,False,False,10753,722.52549,2020-08-17,0.0489,526,160,city,RS,57,8
Porto Alegre,4314902.0,2020-08-18,202034,1488252.0,1483771.0,False,False,10903,732.60442,2020-08-18,0.0497,542,161,city,RS,150,16
Porto Alegre,4314902.0,2020-08-19,202034,1488252.0,1483771.0,False,False,11167,750.34336,2020-08-19,0.0496,554,162,city,RS,264,12
Porto Alegre,4314902.0,2020-08-20,202034,1488252.0,1483771.0,False,False,11205,752.89669,2020-08-20,0.0504,565,163,city,RS,38,11
Porto Alegre,4314902.0,2020-08-21,202034,1488252.0,1483771.0,False,False,11270,757.26423,2020-08-21,0.0512,577,164,city,RS,65,12
Porto Alegre,4314902.0,2020-08-22,202034,1488252.0,1483771.0,False,False,11592,778.90035,2020-08-22,0.0507,588,165,city,RS,322,11
Porto Alegre,4314902.0,2020-08-23,202035,1488252.0,1483771.0,False,False,11609,780.04263,2020-08-23,0.0511,593,166,city,RS,17,5
Porto Alegre,4314902.0,2020-08-24,202035,1488252.0,1483771.0,False,False,11625,781.11771,2020-08-24,0.0517,601,167,city,RS,16,8
Porto Alegre,4314902.0,2020-08-25,202035,1488252.0,1483771.0,False,False,11727,787.97139,2020-08-25,0.0525,616,168,city,RS,102,15
Porto Alegre,4314902.0,2020-08-26,202035,1488252.0,1483771.0,False,False,11860,796.90805,2020-08-26,0.0535,635,169,city,RS,133,19
Porto Alegre,4314902.0,2020-08-27,202035,1488252.0,1483771.0,False,True,11860,796.90805,2020-08-26,0.0535,635,170,city,RS,0,0
Porto Alegre,4314902.0,2020-08-28,202035,1488252.0,1483771.0,False,False,12215,820.76154,2020-08-28,0.0543,663,171,city,RS,355,28
Porto Alegre,4314902.0,2020-08-29,202035,1488252.0,1483771.0,False,False,13062,877.67394,2020-08-29,0.0518,676,172,city,RS,847,13
Porto Alegre,4314902.0,2020-08-30,202036,1488252.0,1483771.0,False,False,13067,878.00991,2020-08-30,0.0517,676,173,city,RS,5,0
Porto Alegre,4314902.0,2020-08-31,202036,1488252.0,1483771.0,False,False,13675,918.8632,2020-08-31,0.0502,687,174,city,RS,608,11
Porto Alegre,4314902.0,2020-09-01,202036,1488252.0,1483771.0,False,False,13726,922.29004,2020-09-01,0.0517,709,175,city,RS,51,22
Porto Alegre,4314902.0,2020-09-02,202036,1488252.0,1483771.0,False,False,14298,960.72439,2020-09-02,0.0501,716,176,city,RS,572,7
Porto Alegre,4314902.0,2020-09-03,202036,1488252.0,1483771.0,False,False,14791,993.8505,2020-09-03,0.0487,721,177,city,RS,493,5
Porto Alegre,4314902.0,2020-09-04,202036,1488252.0,1483771.0,False,False,15124,1016.22575,2020-09-04,0.049,741,178,city,RS,333,20
Porto Alegre,4314902.0,2020-09-05,202036,1488252.0,1483771.0,False,False,18804,1263.4957,2020-09-05,0.0402,756,179,city,RS,3680,15
Porto Alegre,4314902.0,2020-09-06,202037,1488252.0,1483771.0,False,False,18827,1265.04114,2020-09-06,0.0404,761,180,city,RS,23,5
Porto Alegre,4314902.0,2020-09-07,202037,1488252.0,1483771.0,False,False,18832,1265.3771,2020-09-07,0.0406,765,181,city,RS,5,4
Porto Alegre,4314902.0,2020-09-08,202037,1488252.0,1483771.0,False,False,18853,1266.78815,2020-09-08,0.0412,776,182,city,RS,21,11
Porto Alegre,4314902.0,2020-09-09,202037,1488252.0,1483771.0,False,False,18918,1271.15569,2020-09-09,0.0421,797,183,city,RS,65,21
Porto Alegre,4314902.0,2020-09-10,202037,1488252.0,1483771.0,False,False,20001,1343.92563,2020-09-10,0.0404,808,184,city,RS,1083,11
Porto Alegre,4314902.0,2020-09-11,202037,1488252.0,1483771.0,False,False,20150,1353.93737,2020-09-11,0.0409,825,185,city,RS,149,17
Porto Alegre,4314902.0,2020-09-12,202037,1488252.0,1483771.0,False,False,20579,1382.76313,2020-09-12,0.0408,839,186,city,RS,429,14
Porto Alegre,4314902.0,2020-09-13,202038,1488252.0,1483771.0,False,False,20913,1405.20557,2020-09-13,0.0404,844,187,city,RS,334,5
Porto Alegre,4314902.0,2020-09-14,202038,1488252.0,1483771.0,False,False,21651,1454.79395,2020-09-14,0.0393,851,188,city,RS,738,7
Porto Alegre,4314902.0,2020-09-15,202038,1488252.0,1483771.0,False,False,21933,1473.74235,2020-09-15,0.0402,882,189,city,RS,282,31
Porto Alegre,4314902.0,2020-09-16,202038,1488252.0,1483771.0,False,False,22181,1490.40619,2020-09-16,0.0401,889,190,city,RS,248,7
Porto Alegre,4314902.0,2020-09-17,202038,1488252.0,1483771.0,False,False,22820,1533.34247,2020-09-17,0.0395,901,191,city,RS,639,12
Porto Alegre,4314902.0,2020-09-18,202038,1488252.0,1483771.0,False,False,23202,1559.01017,2020-09-18,0.0391,908,192,city,RS,382,7
Porto Alegre,4314902.0,2020-09-19,202038,1488252.0,1483771.0,False,False,23674,1590.72523,2020-09-19,0.0389,921,193,city,RS,472,13
Porto Alegre,4314902.0,2020-09-20,202039,1488252.0,1483771.0,False,False,24104,1619.61818,2020-09-20,0.0384,925,194,city,RS,430,4
Porto Alegre,4314902.0,2020-09-21,202039,1488252.0,1483771.0,False,False,24446,1642.59816,2020-09-21,0.0379,926,195,city,RS,342,1
Porto Alegre,4314902.0,2020-09-22,202039,1488252.0,1483771.0,False,False,24616,1654.02096,2020-09-22,0.0384,946,196,city,RS,170,20
Porto Alegre,4314902.0,2020-09-23,202039,1488252.0,1483771.0,False,False,24784,1665.30937,2020-09-23,0.0387,958,197,city,RS,168,12
Porto Alegre,4314902.0,2020-09-24,202039,1488252.0,1483771.0,False,False,25156,1690.30514,2020-09-24,0.0382,960,198,city,RS,372,2
Porto Alegre,4314902.0,2020-09-25,202039,1488252.0,1483771.0,False,False,25454,1710.32863,2020-09-25,0.038,967,199,city,RS,298,7
Porto Alegre,4314902.0,2020-09-26,202039,1488252.0,1483771.0,False,False,25773,1731.76317,2020-09-26,0.0381,982,200,city,RS,319,15
Porto Alegre,4314902.0,2020-09-27,202040,1488252.0,1483771.0,False,False,26013,1747.88947,2020-09-27,0.038,988,201,city,RS,240,6
Porto Alegre,4314902.0,2020-09-28,202040,1488252.0,1483771.0,False,False,26046,1750.10684,2020-09-28,0.038,990,202,city,RS,33,2
Porto Alegre,4314902.0,2020-09-29,202040,1488252.0,1483771.0,False,False,26363,1771.40699,2020-09-29,0.0387,1019,203,city,RS,317,29
Porto Alegre,4314902.0,2020-09-30,202040,1488252.0,1483771.0,False,False,26561,1784.71119,2020-09-30,0.0388,1030,204,city,RS,198,11
Porto Alegre,4314902.0,2020-10-01,202040,1488252.0,1483771.0,False,False,30635,2058.45515,2020-10-01,0.0337,1031,205,city,RS,4074,1
Porto Alegre,4314902.0,2020-10-02,202040,1488252.0,1483771.0,False,False,31771,2134.78631,2020-10-02,0.0326,1036,206,city,RS,1136,5
Porto Alegre,4314902.0,2020-10-03,202040,1488252.0,1483771.0,False,False,32342,2173.15347,2020-10-03,0.0326,1055,207,city,RS,571,19
Porto Alegre,4314902.0,2020-10-04,202041,1488252.0,1483771.0,False,False,32362,2174.49733,2020-10-04,0.0327,1057,208,city,RS,20,2
Porto Alegre,4314902.0,2020-10-05,202041,1488252.0,1483771.0,False,False,32804,2204.1966,2020-10-05,0.0325,1066,209,city,RS,442,9
Porto Alegre,4314902.0,2020-10-06,202041,1488252.0,1483771.0,False,False,33046,2220.45729,2020-10-06,0.0325,1074,210,city,RS,242,8
Porto Alegre,4314902.0,2020-10-07,202041,1488252.0,1483771.0,False,False,33418,2245.45305,2020-10-07,0.0326,1088,211,city,RS,372,14
Porto Alegre,4314902.0,2020-10-08,202041,1488252.0,1483771.0,False,False,33660,2261.71374,2020-10-08,0.0324,1090,212,city,RS,242,2
Porto Alegre,4314902.0,2020-10-09,202041,1488252.0,1483771.0,False,False,34102,2291.41301,2020-10-09,0.0323,1102,213,city,RS,442,12
Porto Alegre,4314902.0,2020-10-10,202041,1488252.0,1483771.0,False,False,34517,2319.29808,2020-10-10,0.0322,1110,214,city,RS,415,8
Porto Alegre,4314902.0,2020-10-11,202042,1488252.0,1483771.0,False,False,34705,2331.93035,2020-10-11,0.032,1110,215,city,RS,188,0
Porto Alegre,4314902.0,2020-10-12,202042,1488252.0,1483771.0,False,True,34705,2331.93035,2020-10-11,0.032,1110,216,city,RS,0,0
Porto Alegre,4314902.0,2020-10-13,202042,1488252.0,1483771.0,False,False,35072,2356.59015,2020-10-13,0.0318,1117,217,city,RS,367,7
Porto Alegre,4314902.0,2020-10-14,202042,1488252.0,1483771.0,False,False,35266,2369.62557,2020-10-14,0.0324,1144,218,city,RS,194,27
Porto Alegre,4314902.0,2020-10-15,202042,1488252.0,1483771.0,False,False,35527,2387.16293,2020-10-15,0.0325,1155,219,city,RS,261,11
Porto Alegre,4314902.0,2020-10-16,202042,1488252.0,1483771.0,False,False,35718,2399.99677,2020-10-16,0.0324,1158,220,city,RS,191,3
Porto Alegre,4314902.0,2020-10-17,202042,1488252.0,1483771.0,False,True,35718,2399.99677,2020-10-16,0.0324,1158,221,city,RS,0,0
Porto Alegre,4314902.0,2020-10-18,202043,1488252.0,1483771.0,False,False,36360,2443.13463,2020-10-18,0.0321,1167,222,city,RS,642,9
Porto Alegre,4314902.0,2020-10-19,202043,1488252.0,1483771.0,False,False,36754,2469.60864,2020-10-19,0.0319,1173,223,city,RS,394,6
Porto Alegre,4314902.0,2020-10-20,202043,1488252.0,1483771.0,False,False,36857,2476.52951,2020-10-20,0.0324,1196,224,city,RS,103,23
Porto Alegre,4314902.0,2020-10-21,202043,1488252.0,1483771.0,False,False,37315,2507.30387,2020-10-21,0.0322,1201,225,city,RS,458,5
Porto Alegre,4314902.0,2020-10-22,202043,1488252.0,1483771.0,False,False,37581,2525.17719,2020-10-22,0.0321,1208,226,city,RS,266,7
Porto Alegre,4314902.0,2020-10-23,202043,1488252.0,1483771.0,False,False,37810,2540.56437,2020-10-23,0.0322,1218,227,city,RS,229,10
Porto Alegre,4314902.0,2020-10-24,202043,1488252.0,1483771.0,False,False,38240,2569.45732,2020-10-24,0.032,1225,228,city,RS,430,7
Porto Alegre,4314902.0,2020-10-25,202044,1488252.0,1483771.0,False,True,38240,2569.45732,2020-10-24,0.032,1225,229,city,RS,0,0
Porto Alegre,4314902.0,2020-10-26,202044,1488252.0,1483771.0,False,False,38936,2616.2236,2020-10-26,0.0317,1236,230,city,RS,696,11
Porto Alegre,4314902.0,2020-10-27,202044,1488252.0,1483771.0,False,False,38994,2620.12079,2020-10-27,0.032,1248,231,city,RS,58,12
Porto Alegre,4314902.0,2020-10-28,202044,1488252.0,1483771.0,False,False,39120,2628.58709,2020-10-28,0.0322,1259,232,city,RS,126,11
Porto Alegre,4314902.0,2020-10-29,202044,1488252.0,1483771.0,False,False,39837,2676.76442,2020-10-29,0.0318,1265,233,city,RS,717,6
Porto Alegre,4314902.0,2020-10-30,202044,1488252.0,1483771.0,False,False,40373,2712.77982,2020-10-30,0.0317,1278,234,city,RS,536,13
Porto Alegre,4314902.0,2020-10-31,202044,1488252.0,1483771.0,False,False,40390,2713.9221,2020-10-31,0.0319,1288,235,city,RS,17,10
Porto Alegre,4314902.0,2020-11-01,202045,1488252.0,1483771.0,False,False,40747,2737.90998,2020-11-01,0.0316,1289,236,city,RS,357,1
Porto Alegre,4314902.0,2020-11-02,202045,1488252.0,1483771.0,False,False,41252,2771.8424,2020-11-02,0.0312,1289,237,city,RS,505,0
Porto Alegre,4314902.0,2020-11-03,202045,1488252.0,1483771.0,False,False,41339,2777.68819,2020-11-03,0.0314,1297,238,city,RS,87,8
Porto Alegre,4314902.0,2020-11-04,202045,1488252.0,1483771.0,False,False,41878,2813.90517,2020-11-04,0.0314,1314,239,city,RS,539,17
Porto Alegre,4314902.0,2020-11-05,202045,1488252.0,1483771.0,False,False,42196,2835.27252,2020-11-05,0.0315,1328,240,city,RS,318,14
Porto Alegre,4314902.0,2020-11-06,202045,1488252.0,1483771.0,False,False,42379,2847.56883,2020-11-06,0.0315,1333,241,city,RS,183,5
Porto Alegre,4314902.0,2020-11-07,202045,1488252.0,1483771.0,False,False,42804,2876.12582,2020-11-07,0.0312,1336,242,city,RS,425,3
Porto Alegre,4314902.0,2020-11-08,202046,1488252.0,1483771.0,False,False,43073,2894.20071,2020-11-08,0.031,1336,243,city,RS,269,0
Porto Alegre,4314902.0,2020-11-09,202046,1488252.0,1483771.0,False,False,43472,2921.01069,2020-11-09,0.0307,1336,244,city,RS,399,0
Porto Alegre,4314902.0,2020-11-10,202046,1488252.0,1483771.0,False,False,43654,2933.2398,2020-11-10,0.0306,1336,245,city,RS,182,0
Porto Alegre,4314902.0,2020-11-11,202046,1488252.0,1483771.0,False,False,44092,2962.6703,2020-11-11,0.0305,1344,246,city,RS,438,8
Porto Alegre,4314902.0,2020-11-12,202046,1488252.0,1483771.0,False,False,44667,3001.30623,2020-11-12,0.0305,1364,247,city,RS,575,20
Porto Alegre,4314902.0,2020-11-13,202046,1488252.0,1483771.0,False,False,45077,3028.85533,2020-11-13,0.0305,1376,248,city,RS,410,12
Porto Alegre,4314902.0,2020-11-14,202046,1488252.0,1483771.0,False,False,45446,3053.64952,2020-11-14,0.0307,1397,249,city,RS,369,21
Porto Alegre,4314902.0,2020-11-15,202047,1488252.0,1483771.0,False,False,45890,3083.48317,2020-11-15,0.0304,1397,250,city,RS,444,0
Porto Alegre,4314902.0,2020-11-16,202047,1488252.0,1483771.0,False,False,46394,3117.34841,2020-11-16,0.0302,1400,251,city,RS,504,3
Porto Alegre,4314902.0,2020-11-17,202047,1488252.0,1483771.0,False,False,46598,3131.05576,2020-11-17,0.0305,1423,252,city,RS,204,23
Porto Alegre,4314902.0,2020-11-18,202047,1488252.0,1483771.0,False,False,47333,3180.44256,2020-11-18,0.0303,1436,253,city,RS,735,13
Porto Alegre,4314902.0,2020-11-19,202047,1488252.0,1483771.0,False,False,47519,3192.94044,2020-11-19,0.0305,1449,254,city,RS,186,13
Porto Alegre,4314902.0,2020-11-20,202047,1488252.0,1483771.0,False,False,48120,3233.32339,2020-11-20,0.0302,1453,255,city,RS,601,4
Porto Alegre,4314902.0,2020-11-21,202047,1488252.0,1483771.0,False,False,48743,3275.18458,2020-11-21,0.0301,1465,256,city,RS,623,12
Porto Alegre,4314902.0,2020-11-22,202048,1488252.0,1483771.0,False,False,48775,3277.33475,2020-11-22,0.0301,1467,257,city,RS,32,2
Porto Alegre,4314902.0,2020-11-23,202048,1488252.0,1483771.0,False,True,48775,3277.33475,2020-11-22,0.0301,1467,258,city,RS,0,0
Porto Alegre,4314902.0,2020-11-24,202048,1488252.0,1483771.0,False,True,48775,3277.33475,2020-11-22,0.0301,1467,259,city,RS,0,0
Porto Alegre,4314902.0,2020-11-25,202048,1488252.0,1483771.0,False,False,50232,3375.23484,2020-11-25,0.0296,1489,260,city,RS,1457,22
Porto Alegre,4314902.0,2020-11-26,202048,1488252.0,1483771.0,False,False,50529,3395.19114,2020-11-26,0.0297,1501,261,city,RS,297,12
Porto Alegre,4314902.0,2020-11-27,202048,1488252.0,1483771.0,False,False,50866,3417.83515,2020-11-27,0.0298,1517,262,city,RS,337,16
Porto Alegre,4314902.0,2020-11-28,202048,1488252.0,1483771.0,False,False,51352,3450.49091,2020-11-28,0.0297,1524,263,city,RS,486,7
Porto Alegre,4314902.0,2020-11-29,202049,1488252.0,1483771.0,False,False,52111,3501.49034,2020-11-29,0.0293,1526,264,city,RS,759,2
Porto Alegre,4314902.0,2020-11-30,202049,1488252.0,1483771.0,False,False,52544,3530.58487,2020-11-30,0.0291,1529,265,city,RS,433,3
Porto Alegre,4314902.0,2020-12-01,202049,1488252.0,1483771.0,False,False,52857,3551.61626,2020-12-01,0.0293,1549,266,city,RS,313,20
Porto Alegre,4314902.0,2020-12-02,202049,1488252.0,1483771.0,False,False,53302,3581.51711,2020-12-02,0.0293,1563,267,city,RS,445,14
Porto Alegre,4314902.0,2020-12-03,202049,1488252.0,1483771.0,False,False,54327,3650.38985,2020-12-03,0.029,1576,268,city,RS,1025,13
Porto Alegre,4314902.0,2020-12-04,202049,1488252.0,1483771.0,False,False,54872,3687.01,2020-12-04,0.029,1593,269,city,RS,545,17
Porto Alegre,4314902.0,2020-12-05,202049,1488252.0,1483771.0,False,False,55531,3731.29013,2020-12-05,0.0289,1607,270,city,RS,659,14
Porto Alegre,4314902.0,2020-12-06,202050,1488252.0,1483771.0,False,False,56372,3787.79938,2020-12-06,0.0286,1611,271,city,RS,841,4
Porto Alegre,4314902.0,2020-12-07,202050,1488252.0,1483771.0,False,False,57005,3830.3325,2020-12-07,0.0283,1613,272,city,RS,633,2
Porto Alegre,4314902.0,2020-12-08,202050,1488252.0,1483771.0,False,False,57164,3841.01617,2020-12-08,0.0285,1629,273,city,RS,159,16
Porto Alegre,4314902.0,2020-12-09,202050,1488252.0,1483771.0,False,False,57288,3849.34809,2020-12-09,0.0287,1642,274,city,RS,124,13
Porto Alegre,4314902.0,2020-12-10,202050,1488252.0,1483771.0,False,False,57400,3856.8737,2020-12-10,0.0288,1652,275,city,RS,112,10
Porto Alegre,4314902.0,2020-12-11,202050,1488252.0,1483771.0,False,True,57400,3856.8737,2020-12-10,0.0288,1652,276,city,RS,0,0
Porto Alegre,4314902.0,2020-12-12,202050,1488252.0,1483771.0,False,False,57645,3873.33597,2020-12-12,0.0289,1665,277,city,RS,245,13
Porto Alegre,4314902.0,2020-12-13,202051,1488252.0,1483771.0,False,False,60115,4039.30248,2020-12-13,0.0277,1665,278,city,RS,2470,0
Porto Alegre,4314902.0,2020-12-14,202051,1488252.0,1483771.0,False,False,60886,4091.10823,2020-12-14,0.0277,1684,279,city,RS,771,19
Porto Alegre,4314902.0,2020-12-15,202051,1488252.0,1483771.0,False,True,60886,4091.10823,2020-12-14,0.0277,1684,280,city,RS,0,0
Porto Alegre,4314902.0,2020-12-16,202051,1488252.0,1483771.0,False,False,61681,4144.5266,2020-12-16,0.0278,1712,281,city,RS,795,28
Porto Alegre,4314902.0,2020-12-17,202051,1488252.0,1483771.0,False,False,62566,4203.99233,2020-12-17,0.0275,1720,282,city,RS,885,8
Porto Alegre,4314902.0,2020-12-18,202051,1488252.0,1483771.0,False,False,63185,4245.58475,2020-12-18,0.0273,1725,283,city,RS,619,5
Porto Alegre,4314902.0,2020-12-19,202051,1488252.0,1483771.0,False,False,63715,4281.197,2020-12-19,0.0272,1733,284,city,RS,530,8
Porto Alegre,4314902.0,2020-12-20,202052,1488252.0,1483771.0,False,False,64204,4314.05434,2020-12-20,0.027,1734,285,city,RS,489,1
Porto Alegre,4314902.0,2020-12-21,202052,1488252.0,1483771.0,False,False,64762,4351.54799,2020-12-21,0.027,1751,286,city,RS,558,17
Porto Alegre,4314902.0,2020-12-22,202052,1488252.0,1483771.0,False,False,65403,4394.61865,2020-12-22,0.027,1764,287,city,RS,641,13
Porto Alegre,4314902.0,2020-12-23,202052,1488252.0,1483771.0,False,False,65396,4394.1483,2020-12-23,0.0272,1782,288,city,RS,-7,18
Porto Alegre,4314902.0,2020-12-24,202052,1488252.0,1483771.0,False,False,66668,4479.6177,2020-12-24,0.0268,1790,289,city,RS,1272,8
Porto Alegre,4314902.0,2020-12-25,202052,1488252.0,1483771.0,False,False,67032,4504.07592,2020-12-25,0.0267,1793,290,city,RS,364,3
Porto Alegre,4314902.0,2020-12-26,202052,1488252.0,1483771.0,False,False,67953,4565.9606,2020-12-26,0.0264,1793,291,city,RS,921,0
Porto Alegre,4314902.0,2020-12-27,202053,1488252.0,1483771.0,False,False,67960,4566.43095,2020-12-27,0.0265,1804,292,city,RS,7,11
Porto Alegre,4314902.0,2020-12-28,202053,1488252.0,1483771.0,False,False,67968,4566.9685,2020-12-28,0.0266,1805,293,city,RS,8,1
Porto Alegre,4314902.0,2020-12-29,202053,1488252.0,1483771.0,False,False,68446,4599.08671,2020-12-29,0.0267,1827,294,city,RS,478,22
Porto Alegre,4314902.0,2020-12-30,202053,1488252.0,1483771.0,False,False,69018,4637.52106,2020-12-30,0.0268,1847,295,city,RS,572,20
Porto Alegre,4314902.0,2020-12-31,202053,1488252.0,1483771.0,False,False,69660,4680.65892,2020-12-31,0.0267,1857,296,city,RS,642,10
Porto Alegre,4314902.0,2021-01-01,202053,1488252.0,1483771.0,False,False,69969,4701.42153,2021-01-01,0.0266,1864,297,city,RS,309,7
Porto Alegre,4314902.0,2021-01-02,202053,1488252.0,1483771.0,False,False,70290,4722.99046,2021-01-02,0.0265,1865,298,city,RS,321,1
Porto Alegre,4314902.0,2021-01-03,202101,1488252.0,1483771.0,False,False,70940,4766.66586,2021-01-03,0.0263,1867,299,city,RS,650,2
Porto Alegre,4314902.0,2021-01-04,202101,1488252.0,1483771.0,False,False,70945,4767.00182,2021-01-04,0.0265,1879,300,city,RS,5,12
Porto Alegre,4314902.0,2021-01-05,202101,1488252.0,1483771.0,False,False,71394,4797.17145,2021-01-05,0.0267,1905,301,city,RS,449,26
Porto Alegre,4314902.0,2021-01-06,202101,1488252.0,1483771.0,False,False,71494,4803.89074,2021-01-06,0.0268,1917,302,city,RS,100,12
Porto Alegre,4314902.0,2021-01-07,202101,1488252.0,1483771.0,False,False,71744,4820.68897,2021-01-07,0.0268,1925,303,city,RS,250,8
Porto Alegre,4314902.0,2021-01-08,202101,1488252.0,1483771.0,False,False,72451,4868.19436,2021-01-08,0.0267,1934,304,city,RS,707,9
Porto Alegre,4314902.0,2021-01-09,202101,1488252.0,1483771.0,False,False,72972,4903.20188,2021-01-09,0.0267,1945,305,city,RS,521,11
Porto Alegre,4314902.0,2021-01-10,202102,1488252.0,1483771.0,False,False,73559,4942.64412,2021-01-10,0.0265,1947,306,city,RS,587,2
Porto Alegre,4314902.0,2021-01-11,202102,1488252.0,1483771.0,False,False,73948,4968.78217,2021-01-11,0.0264,1949,307,city,RS,389,2
Porto Alegre,4314902.0,2021-01-12,202102,1488252.0,1483771.0,False,False,74197,4985.51321,2021-01-12,0.0265,1969,308,city,RS,249,20
Porto Alegre,4314902.0,2021-01-13,202102,1488252.0,1483771.0,False,False,74493,5005.40231,2021-01-13,0.0266,1978,309,city,RS,296,9
Porto Alegre,4314902.0,2021-01-14,202102,1488252.0,1483771.0,False,False,74786,5025.08984,2021-01-14,0.0266,1987,310,city,RS,293,9
Porto Alegre,4314902.0,2021-01-15,202102,1488252.0,1483771.0,False,False,75401,5066.41348,2021-01-15,0.0264,1994,311,city,RS,615,7
Porto Alegre,4314902.0,2021-01-16,202102,1488252.0,1483771.0,False,True,75401,5066.41348,2021-01-15,0.0264,1994,312,city,RS,0,0
Porto Alegre,4314902.0,2021-01-17,202103,1488252.0,1483771.0,False,False,76443,5136.42851,2021-01-17,0.0263,2010,313,city,RS,1042,16
Porto Alegre,4314902.0,2021-01-18,202103,1488252.0,1483771.0,False,False,76716,5154.77218,2021-01-18,0.0262,2010,314,city,RS,273,0
Porto Alegre,4314902.0,2021-01-19,202103,1488252.0,1483771.0,False,False,76974,5172.10795,2021-01-19,0.0263,2024,315,city,RS,258,14
Porto Alegre,4314902.0,2021-01-20,202103,1488252.0,1483771.0,False,False,77215,5188.30144,2021-01-20,0.0264,2035,316,city,RS,241,11
Porto Alegre,4314902.0,2021-01-21,202103,1488252.0,1483771.0,False,False,77924,5235.94123,2021-01-21,0.0263,2048,317,city,RS,709,13
Porto Alegre,4314902.0,2021-01-22,202103,1488252.0,1483771.0,False,False,78301,5261.27296,2021-01-22,0.0263,2059,318,city,RS,377,11
Porto Alegre,4314902.0,2021-01-23,202103,1488252.0,1483771.0,False,False,78368,5265.77488,2021-01-23,0.0264,2072,319,city,RS,67,13
Porto Alegre,4314902.0,2021-01-24,202104,1488252.0,1483771.0,False,False,78592,5280.8261,2021-01-24,0.0264,2072,320,city,RS,224,0
Porto Alegre,4314902.0,2021-01-25,202104,1488252.0,1483771.0,False,False,78790,5294.1303,2021-01-25,0.0263,2075,321,city,RS,198,3
Porto Alegre,4314902.0,2021-01-26,202104,1488252.0,1483771.0,False,False,78888,5300.7152,2021-01-26,0.0265,2087,322,city,RS,98,12
Porto Alegre,4314902.0,2021-01-27,202104,1488252.0,1483771.0,False,False,79155,5318.65571,2021-01-27,0.0265,2098,323,city,RS,267,11
Porto Alegre,4314902.0,2021-01-28,202104,1488252.0,1483771.0,False,False,79390,5334.44605,2021-01-28,0.0265,2107,324,city,RS,235,9
Porto Alegre,4314902.0,2021-01-29,202104,1488252.0,1483771.0,False,False,79647,5351.71463,2021-01-29,0.0266,2116,325,city,RS,257,9
Porto Alegre,4314902.0,2021-01-30,202104,1488252.0,1483771.0,False,True,79647,5351.71463,2021-01-29,0.0266,2116,326,city,RS,0,0
Porto Alegre,4314902.0,2021-01-31,202105,1488252.0,1483771.0,False,True,79647,5351.71463,2021-01-29,0.0266,2116,327,city,RS,0,0
Porto Alegre,4314902.0,2021-02-01,202105,1488252.0,1483771.0,False,False,80404,5402.57967,2021-02-01,0.0265,2127,328,city,RS,757,11
Porto Alegre,4314902.0,2021-02-02,202105,1488252.0,1483771.0,False,False,80584,5414.6744,2021-02-02,0.0266,2147,329,city,RS,180,20
Porto Alegre,4314902.0,2021-02-03,202105,1488252.0,1483771.0,False,False,80588,5414.94317,2021-02-03,0.0266,2146,330,city,RS,4,-1
Porto Alegre,4314902.0,2021-02-04,202105,1488252.0,1483771.0,False,True,80588,5414.94317,2021-02-03,0.0266,2146,331,city,RS,0,0
Porto Alegre,4314902.0,2021-02-05,202105,1488252.0,1483771.0,False,True,80588,5414.94317,2021-02-03,0.0266,2146,332,city,RS,0,0
Porto Alegre,4314902.0,2021-02-06,202105,1488252.0,1483771.0,False,True,80588,5414.94317,2021-02-03,0.0266,2146,333,city,RS,0,0
Porto Alegre,4314902.0,2021-02-07,202106,1488252.0,1483771.0,False,False,80963,5440.14051,2021-02-07,0.0269,2175,334,city,RS,375,29
Porto Alegre,4314902.0,2021-02-08,202106,1488252.0,1483771.0,False,False,80958,5439.80455,2021-02-08,0.0269,2181,335,city,RS,-5,6
Porto Alegre,4314902.0,2021-02-09,202106,1488252.0,1483771.0,False,True,80958,5439.80455,2021-02-08,0.0269,2181,336,city,RS,0,0
Porto Alegre,4314902.0,2021-02-10,202106,1488252.0,1483771.0,False,True,80958,5439.80455,2021-02-08,0.0269,2181,337,city,RS,0,0
Porto Alegre,4314902.0,2021-02-11,202106,1488252.0,1483771.0,False,True,80958,5439.80455,2021-02-08,0.0269,2181,338,city,RS,0,0
Porto Alegre,4314902.0,2021-02-12,202106,1488252.0,1483771.0,False,True,80958,5439.80455,2021-02-08,0.0269,2181,339,city,RS,0,0
Porto Alegre,4314902.0,2021-02-13,202106,1488252.0,1483771.0,False,False,83168,5588.30091,2021-02-13,0.0269,2239,340,city,RS,2210,58
Porto Alegre,4314902.0,2021-02-14,202107,1488252.0,1483771.0,False,False,83495,5610.27299,2021-02-14,0.0269,2245,341,city,RS,327,6
Porto Alegre,4314902.0,2021-02-15,202107,1488252.0,1483771.0,False,False,83704,5624.31631,2021-02-15,0.0268,2245,342,city,RS,209,0
Porto Alegre,4314902.0,2021-02-16,202107,1488252.0,1483771.0,False,False,83961,5641.58489,2021-02-16,0.0268,2250,343,city,RS,257,5
Porto Alegre,4314902.0,2021-02-17,202107,1488252.0,1483771.0,False,False,84230,5659.65979,2021-02-17,0.0269,2262,344,city,RS,269,12
Porto Alegre,4314902.0,2021-02-18,202107,1488252.0,1483771.0,False,True,84230,5659.65979,2021-02-17,0.0269,2262,345,city,RS,0,0
Porto Alegre,4314902.0,2021-02-19,202107,1488252.0,1483771.0,False,False,84878,5703.2008,2021-02-19,0.0269,2279,346,city,RS,648,17
Porto Alegre,4314902.0,2021-02-20,202107,1488252.0,1483771.0,False,True,84878,5703.2008,2021-02-19,0.0269,2279,347,city,RS,0,0
Porto Alegre,4314902.0,2021-02-21,202108,1488252.0,1483771.0,False,False,85553,5748.55602,2021-02-21,0.0269,2299,348,city,RS,675,20
Porto Alegre,4314902.0,2021-02-22,202108,1488252.0,1483771.0,False,True,85553,5748.55602,2021-02-21,0.0269,2299,349,city,RS,0,0
Porto Alegre,4314902.0,2021-02-23,202108,1488252.0,1483771.0,False,True,85553,5748.55602,2021-02-21,0.0269,2299,350,city,RS,0,0
Porto Alegre,4314902.0,2021-02-24,202108,1488252.0,1483771.0,False,False,87336,5868.361,2021-02-24,0.0267,2331,351,city,RS,1783,32
Porto Alegre,4314902.0,2021-02-25,202108,1488252.0,1483771.0,False,False,87789,5898.7994,2021-02-25,0.0267,2345,352,city,RS,453,14
Porto Alegre,4314902.0,2021-02-26,202108,1488252.0,1483771.0,False,False,89426,6008.79421,2021-02-26,0.0264,2359,353,city,RS,1637,14
Porto Alegre,4314902.0,2021-02-27,202108,1488252.0,1483771.0,False,False,90584,6086.60361,2021-02-27,0.0263,2382,354,city,RS,1158,23
Porto Alegre,4314902.0,2021-02-28,202109,1488252.0,1483771.0,False,True,90584,6086.60361,2021-02-27,0.0263,2382,355,city,RS,0,0
Porto Alegre,4314902.0,2021-03-01,202109,1488252.0,1483771.0,False,False,91690,6160.91898,2021-03-01,0.0261,2395,356,city,RS,1106,13
Porto Alegre,4314902.0,2021-03-02,202109,1488252.0,1483771.0,False,False,92384,6207.55087,2021-03-02,0.0264,2441,357,city,RS,694,46
Porto Alegre,4314902.0,2021-03-03,202109,1488252.0,1483771.0,False,False,92895,6241.88645,2021-03-03,0.0267,2477,358,city,RS,511,36
Porto Alegre,4314902.0,2021-03-04,202109,1488252.0,1483771.0,False,False,93909,6310.02008,2021-03-04,0.0266,2502,359,city,RS,1014,25
Porto Alegre,4314902.0,2021-03-05,202109,1488252.0,1483771.0,False,True,93909,6310.02008,2021-03-04,0.0266,2502,360,city,RS,0,0
Porto Alegre,4314902.0,2021-03-06,202109,1488252.0,1483771.0,False,True,93909,6310.02008,2021-03-04,0.0266,2502,361,city,RS,0,0
Porto Alegre,4314902.0,2021-03-07,202110,1488252.0,1483771.0,False,False,97316,6538.94636,2021-03-07,0.0263,2561,362,city,RS,3407,59
Porto Alegre,4314902.0,2021-03-08,202110,1488252.0,1483771.0,False,False,98139,6594.24614,2021-03-08,0.0261,2565,363,city,RS,823,4
Porto Alegre,4314902.0,2021-03-09,202110,1488252.0,1483771.0,False,False,99718,6700.34376,2021-03-09,0.0261,2604,364,city,RS,1579,39
Porto Alegre,4314902.0,2021-03-10,202110,1488252.0,1483771.0,False,False,100724,6767.93984,2021-03-10,0.0261,2626,365,city,RS,1006,22
Porto Alegre,4314902.0,2021-03-11,202110,1488252.0,1483771.0,False,False,100948,6782.99105,2021-03-11,0.0264,2663,366,city,RS,224,37
Porto Alegre,4314902.0,2021-03-12,202110,1488252.0,1483771.0,False,False,101909,6847.56345,2021-03-12,0.0265,2704,367,city,RS,961,41
Porto Alegre,4314902.0,2021-03-13,202110,1488252.0,1483771.0,False,False,102970,6918.85514,2021-03-13,0.0266,2737,368,city,RS,1061,33
Porto Alegre,4314902.0,2021-03-14,202111,1488252.0,1483771.0,False,False,103949,6984.63701,2021-03-14,0.0264,2747,369,city,RS,979,10
Porto Alegre,4314902.0,2021-03-15,202111,1488252.0,1483771.0,False,False,104947,7051.69555,2021-03-15,0.0263,2756,370,city,RS,998,9
Porto Alegre,4314902.0,2021-03-16,202111,1488252.0,1483771.0,False,False,106134,7131.45354,2021-03-16,0.0267,2838,371,city,RS,1187,82
Porto Alegre,4314902.0,2021-03-17,202111,1488252.0,1483771.0,False,False,106542,7158.86826,2021-03-17,0.027,2878,372,city,RS,408,40
Porto Alegre,4314902.0,2021-03-18,202111,1488252.0,1483771.0,False,False,107260,7207.11277,2021-03-18,0.0273,2931,373,city,RS,718,53
Porto Alegre,4314902.0,2021-03-19,202111,1488252.0,1483771.0,False,False,108207,7270.74447,2021-03-19,0.0279,3023,374,city,RS,947,92
Porto Alegre,4314902.0,2021-03-20,202111,1488252.0,1483771.0,False,False,109194,7337.06388,2021-03-20,0.0281,3064,375,city,RS,987,41
Porto Alegre,4314902.0,2021-03-21,202112,1488252.0,1483771.0,False,True,109194,7337.06388,2021-03-20,0.0281,3064,376,city,RS,0,0
Porto Alegre,4314902.0,2021-03-22,202112,1488252.0,1483771.0,False,True,109194,7337.06388,2021-03-20,0.0281,3064,377,city,RS,0,0
Porto Alegre,4314902.0,2021-03-23,202112,1488252.0,1483771.0,False,False,111712,7506.25566,2021-03-23,0.0285,3187,378,city,RS,2518,123
Porto Alegre,4314902.0,2021-03-24,202112,1488252.0,1483771.0,False,False,111816,7513.24372,2021-03-24,0.0287,3212,379,city,RS,104,25
Porto Alegre,4314902.0,2021-03-25,202112,1488252.0,1483771.0,False,True,111816,7513.24372,2021-03-24,0.0287,3212,380,city,RS,0,0
Porto Alegre,4314902.0,2021-03-26,202112,1488252.0,1483771.0,False,False,113133,7601.7368,2021-03-26,0.0297,3357,381,city,RS,1317,145
Porto Alegre,4314902.0,2021-03-27,202112,1488252.0,1483771.0,False,False,113919,7654.55044,2021-03-27,0.0299,3406,382,city,RS,786,49
Porto Alegre,4314902.0,2021-03-28,202113,1488252.0,1483771.0,False,False,114586,7699.36812,2021-03-28,0.0298,3417,383,city,RS,667,11
Porto Alegre,4314902.0,2021-03-29,202113,1488252.0,1483771.0,False,False,115174,7738.87756,2021-03-29,0.0298,3435,384,city,RS,588,18
Porto Alegre,4314902.0,2021-03-30,202113,1488252.0,1483771.0,False,False,115589,7766.76262,2021-03-30,0.0305,3522,385,city,RS,415,87
Porto Alegre,4314902.0,2021-03-31,202113,1488252.0,1483771.0,False,False,115735,7776.57278,2021-03-31,0.0309,3574,386,city,RS,146,52
Porto Alegre,4314902.0,2021-04-01,202113,1488252.0,1483771.0,False,False,115946,7790.75049,2021-04-01,0.0313,3632,387,city,RS,211,58
Porto Alegre,4314902.0,2021-04-02,202113,1488252.0,1483771.0,False,False,116025,7796.05873,2021-04-02,0.0316,3661,388,city,RS,79,29
Porto Alegre,4314902.0,2021-04-03,202113,1488252.0,1483771.0,False,False,116140,7803.78592,2021-04-03,0.0317,3687,389,city,RS,115,26
Porto Alegre,4314902.0,2021-04-04,202114,1488252.0,1483771.0,False,False,116145,7804.12188,2021-04-04,0.0319,3700,390,city,RS,5,13
Porto Alegre,4314902.0,2021-04-05,202114,1488252.0,1483771.0,False,False,116136,7803.51715,2021-04-05,0.0319,3703,391,city,RS,-9,3
Porto Alegre,4314902.0,2021-04-06,202114,1488252.0,1483771.0,False,False,116382,7820.04661,2021-04-06,0.0324,3773,392,city,RS,246,70
Porto Alegre,4314902.0,2021-04-07,202114,1488252.0,1483771.0,False,False,116498,7827.84098,2021-04-07,0.0328,3823,393,city,RS,116,50
Porto Alegre,4314902.0,2021-04-08,202114,1488252.0,1483771.0,False,False,116512,7828.78168,2021-04-08,0.0331,3853,394,city,RS,14,30
Porto Alegre,4314902.0,2021-04-09,202114,1488252.0,1483771.0,False,False,116748,7844.63921,2021-04-09,0.0333,3892,395,city,RS,236,39
Porto Alegre,4314902.0,2021-04-10,202114,1488252.0,1483771.0,False,False,116807,7848.6036,2021-04-10,0.0333,3894,396,city,RS,59,2
Porto Alegre,4314902.0,2021-04-11,202115,1488252.0,1483771.0,False,False,116820,7849.4771,2021-04-11,0.0333,3894,397,city,RS,13,0
Porto Alegre,4314902.0,2021-04-12,202115,1488252.0,1483771.0,False,False,116827,7849.94746,2021-04-12,0.0334,3907,398,city,RS,7,13
Porto Alegre,4314902.0,2021-04-13,202115,1488252.0,1483771.0,False,False,116893,7854.38219,2021-04-13,0.0338,3956,399,city,RS,66,49
Porto Alegre,4314902.0,2021-04-14,202115,1488252.0,1483771.0,False,False,117070,7866.27534,2021-04-14,0.034,3985,400,city,RS,177,29
Porto Alegre,4314902.0,2021-04-15,202115,1488252.0,1483771.0,False,False,117232,7877.16059,2021-04-15,0.0343,4023,401,city,RS,162,38
Porto Alegre,4314902.0,2021-04-16,202115,1488252.0,1483771.0,False,False,117361,7885.82848,2021-04-16,0.0347,4067,402,city,RS,129,44
Porto Alegre,4314902.0,2021-04-17,202115,1488252.0,1483771.0,False,False,117500,7895.16829,2021-04-17,0.0349,4101,403,city,RS,139,34
Porto Alegre,4314902.0,2021-04-18,202116,1488252.0,1483771.0,False,False,117505,7895.50426,2021-04-18,0.0349,4103,404,city,RS,5,2
Porto Alegre,4314902.0,2021-04-19,202116,1488252.0,1483771.0,False,False,117510,7895.84022,2021-04-19,0.035,4107,405,city,RS,5,4
Porto Alegre,4314902.0,2021-04-20,202116,1488252.0,1483771.0,False,True,117510,7895.84022,2021-04-19,0.035,4107,406,city,RS,0,0
Porto Alegre,4314902.0,2021-04-21,202116,1488252.0,1483771.0,False,False,117699,7908.53968,2021-04-21,0.0356,4190,407,city,RS,189,83
Porto Alegre,4314902.0,2021-04-22,202116,1488252.0,1483771.0,False,False,117769,7913.24319,2021-04-22,0.0357,4199,408,city,RS,70,9
Porto Alegre,4314902.0,2021-04-23,202116,1488252.0,1483771.0,False,False,117898,7921.91107,2021-04-23,0.0359,4236,409,city,RS,129,37
Porto Alegre,4314902.0,2021-04-24,202116,1488252.0,1483771.0,False,False,118059,7932.72913,2021-04-24,0.0362,4269,410,city,RS,161,33
Porto Alegre,4314902.0,2021-04-25,202117,1488252.0,1483771.0,False,False,118126,7937.23106,2021-04-25,0.0362,4271,411,city,RS,67,2
Porto Alegre,4314902.0,2021-04-26,202117,1488252.0,1483771.0,False,False,118172,7940.32193,2021-04-26,0.0361,4270,412,city,RS,46,-1
Porto Alegre,4314902.0,2021-04-27,202117,1488252.0,1483771.0,False,False,118279,7947.51158,2021-04-27,0.0364,4301,413,city,RS,107,31
Porto Alegre,4314902.0,2021-04-28,202117,1488252.0,1483771.0,False,False,118599,7969.01331,2021-04-28,0.0364,4316,414,city,RS,320,15
Porto Alegre,4314902.0,2021-04-29,202117,1488252.0,1483771.0,False,False,118638,7971.63384,2021-04-29,0.0365,4328,415,city,RS,39,12
Porto Alegre,4314902.0,2021-04-30,202117,1488252.0,1483771.0,False,False,120860,8120.93651,2021-04-30,0.0361,4358,416,city,RS,2222,30
Porto Alegre,4314902.0,2021-05-01,202117,1488252.0,1483771.0,False,False,121293,8150.03104,2021-05-01,0.0362,4385,417,city,RS,433,27
Porto Alegre,4314902.0,2021-05-02,202118,1488252.0,1483771.0,False,False,121399,8157.15349,2021-05-02,0.0361,4385,418,city,RS,106,0
Porto Alegre,4314902.0,2021-05-03,202118,1488252.0,1483771.0,False,False,121523,8165.48542,2021-05-03,0.0361,4392,419,city,RS,124,7
Porto Alegre,4314902.0,2021-05-04,202118,1488252.0,1483771.0,False,False,122044,8200.49293,2021-05-04,0.0364,4437,420,city,RS,521,45
Porto Alegre,4314902.0,2021-05-05,202118,1488252.0,1483771.0,False,True,122044,8200.49293,2021-05-04,0.0364,4437,421,city,RS,0,0
Porto Alegre,4314902.0,2021-05-06,202118,1488252.0,1483771.0,False,False,122450,8227.77325,2021-05-06,0.0365,4473,422,city,RS,406,36
Porto Alegre,4314902.0,2021-05-07,202118,1488252.0,1483771.0,False,True,122450,8227.77325,2021-05-06,0.0365,4473,423,city,RS,0,0
Porto Alegre,4314902.0,2021-05-08,202118,1488252.0,1483771.0,False,False,122854,8254.91919,2021-05-08,0.0367,4507,424,city,RS,404,34
Porto Alegre,4314902.0,2021-05-09,202119,1488252.0,1483771.0,False,False,122865,8255.65832,2021-05-09,0.0367,4515,425,city,RS,11,8
Porto Alegre,4314902.0,2021-05-10,202119,1488252.0,1483771.0,False,False,122864,8255.59112,2021-05-10,0.0367,4513,426,city,RS,-1,-2
Porto Alegre,4314902.0,2021-05-11,202119,1488252.0,1483771.0,False,False,123118,8272.65813,2021-05-11,0.0368,4534,427,city,RS,254,21
Porto Alegre,4314902.0,2021-05-12,202119,1488252.0,1483771.0,False,False,123350,8288.24688,2021-05-12,0.0369,4550,428,city,RS,232,16
Porto Alegre,4314902.0,2021-05-13,202119,1488252.0,1483771.0,False,False,123444,8294.56302,2021-05-13,0.037,4564,429,city,RS,94,14
Porto Alegre,4314902.0,2021-05-14,202119,1488252.0,1483771.0,False,False,123520,8299.66968,2021-05-14,0.037,4572,430,city,RS,76,8
Porto Alegre,4314902.0,2021-05-15,202119,1488252.0,1483771.0,False,False,123680,8310.42055,2021-05-15,0.0371,4590,431,city,RS,160,18
Porto Alegre,4314902.0,2021-05-16,202120,1488252.0,1483771.0,False,False,123793,8318.01335,2021-05-16,0.0371,4591,432,city,RS,113,1
Porto Alegre,4314902.0,2021-05-17,202120,1488252.0,1483771.0,False,False,123793,8318.01335,2021-05-17,0.0371,4592,433,city,RS,0,1
Porto Alegre,4314902.0,2021-05-18,202120,1488252.0,1483771.0,False,False,124094,8338.23842,2021-05-18,0.0373,4625,434,city,RS,301,33
Porto Alegre,4314902.0,2021-05-19,202120,1488252.0,1483771.0,False,False,124293,8351.60981,2021-05-19,0.0373,4632,435,city,RS,199,7
Porto Alegre,4314902.0,2021-05-20,202120,1488252.0,1483771.0,False,False,124332,8354.23033,2021-05-20,0.0374,4650,436,city,RS,39,18
Porto Alegre,4314902.0,2021-05-21,202120,1488252.0,1483771.0,False,False,124545,8368.54242,2021-05-21,0.0375,4668,437,city,RS,213,18
Porto Alegre,4314902.0,2021-05-22,202120,1488252.0,1483771.0,False,False,124669,8376.87435,2021-05-22,0.0376,4686,438,city,RS,124,18
Porto Alegre,4314902.0,2021-05-23,202121,1488252.0,1483771.0,False,False,124674,8377.21031,2021-05-23,0.0376,4689,439,city,RS,5,3
Porto Alegre,4314902.0,2021-05-24,202121,1488252.0,1483771.0,False,False,124677,8377.41189,2021-05-24,0.0376,4685,440,city,RS,3,-4
Porto Alegre,4314902.0,2021-05-25,202121,1488252.0,1483771.0,False,False,124750,8382.31697,2021-05-25,0.0377,4708,441,city,RS,73,23
Porto Alegre,4314902.0,2021-05-26,202121,1488252.0,1483771.0,False,False,125020,8400.45906,2021-05-26,0.0378,4726,442,city,RS,270,18
Porto Alegre,4314902.0,2021-05-27,202121,1488252.0,1483771.0,False,False,125100,8405.8345,2021-05-27,0.0379,4738,443,city,RS,80,12
Porto Alegre,4314902.0,2021-05-28,202121,1488252.0,1483771.0,False,True,125100,8405.8345,2021-05-27,0.0379,4738,444,city,RS,0,0
Porto Alegre,4314902.0,2021-05-29,202121,1488252.0,1483771.0,False,False,125311,8420.0122,2021-05-29,0.038,4766,445,city,RS,211,28
Porto Alegre,4314902.0,2021-05-30,202122,1488252.0,1483771.0,False,False,125327,8421.08729,2021-05-30,0.0381,4769,446,city,RS,16,3
Porto Alegre,4314902.0,2021-05-31,202122,1488252.0,1483771.0,False,False,125357,8423.10308,2021-05-31,0.038,4769,447,city,RS,30,0
Porto Alegre,4314902.0,2021-06-01,202122,1488252.0,1483771.0,False,False,125459,8429.95675,2021-06-01,0.0381,4782,448,city,RS,102,13
Porto Alegre,4314902.0,2021-06-02,202122,1488252.0,1483771.0,False,False,125602,8439.56534,2021-06-02,0.0382,4796,449,city,RS,143,14
Porto Alegre,4314902.0,2021-06-03,202122,1488252.0,1483771.0,False,False,125710,8446.82218,2021-06-03,0.0383,4812,450,city,RS,108,16
Porto Alegre,4314902.0,2021-06-04,202122,1488252.0,1483771.0,False,False,125726,8447.89726,2021-06-04,0.0383,4819,451,city,RS,16,7
Porto Alegre,4314902.0,2021-06-05,202122,1488252.0,1483771.0,False,False,125834,8455.1541,2021-06-05,0.0384,4826,452,city,RS,108,7
Porto Alegre,4314902.0,2021-06-06,202123,1488252.0,1483771.0,False,True,125834,8455.1541,2021-06-05,0.0384,4826,453,city,RS,0,0
Porto Alegre,4314902.0,2021-06-07,202123,1488252.0,1483771.0,False,False,130654,8779.02398,2021-06-07,0.037,4830,454,city,RS,4820,4
Porto Alegre,4314902.0,2021-06-08,202123,1488252.0,1483771.0,False,False,130706,8782.51801,2021-06-08,0.0371,4850,455,city,RS,52,20
Porto Alegre,4314902.0,2021-06-09,202123,1488252.0,1483771.0,False,False,130977,8800.7273,2021-06-09,0.0372,4868,456,city,RS,271,18
Porto Alegre,4314902.0,2021-06-10,202123,1488252.0,1483771.0,False,False,130975,8800.59291,2021-06-10,0.0373,4879,457,city,RS,-2,11
Porto Alegre,4314902.0,2021-06-11,202123,1488252.0,1483771.0,False,False,131096,8808.72325,2021-06-11,0.0373,4886,458,city,RS,121,7
Porto Alegre,4314902.0,2021-06-12,202123,1488252.0,1483771.0,False,False,131147,8812.15009,2021-06-12,0.0374,4911,459,city,RS,51,25
Porto Alegre,4314902.0,2021-06-13,202124,1488252.0,1483771.0,False,False,131154,8812.62044,2021-06-13,0.0375,4912,460,city,RS,7,1
Porto Alegre,4314902.0,2021-06-14,202124,1488252.0,1483771.0,False,False,131156,8812.75483,2021-06-14,0.0374,4911,461,city,RS,2,-1
Porto Alegre,4314902.0,2021-06-15,202124,1488252.0,1483771.0,False,False,131243,8818.60061,2021-06-15,0.0376,4932,462,city,RS,87,21
Porto Alegre,4314902.0,2021-06-16,202124,1488252.0,1483771.0,False,False,131282,8821.22114,2021-06-16,0.0378,4956,463,city,RS,39,24
Porto Alegre,4314902.0,2021-06-17,202124,1488252.0,1483771.0,False,False,131304,8822.69938,2021-06-17,0.0378,4968,464,city,RS,22,12
Porto Alegre,4314902.0,2021-06-18,202124,1488252.0,1483771.0,False,False,133382,8962.32627,2021-06-18,0.0374,4983,465,city,RS,2078,15
Porto Alegre,4314902.0,2021-06-19,202124,1488252.0,1483771.0,False,False,133722,8985.17187,2021-06-19,0.0374,4999,466,city,RS,340,16
Porto Alegre,4314902.0,2021-06-20,202125,1488252.0,1483771.0,False,False,133726,8985.44064,2021-06-20,0.0374,5004,467,city,RS,4,5
Porto Alegre,4314902.0,2021-06-21,202125,1488252.0,1483771.0,False,False,133748,8986.91888,2021-06-21,0.0374,5005,468,city,RS,22,1
Porto Alegre,4314902.0,2021-06-22,202125,1488252.0,1483771.0,False,False,133880,8995.78835,2021-06-22,0.0375,5022,469,city,RS,132,17
Porto Alegre,4314902.0,2021-06-23,202125,1488252.0,1483771.0,False,False,133904,8997.40098,2021-06-23,0.0376,5031,470,city,RS,24,9
Porto Alegre,4314902.0,2021-06-24,202125,1488252.0,1483771.0,False,False,134173,9015.47587,2021-06-24,0.0377,5057,471,city,RS,269,26
Porto Alegre,4314902.0,2021-06-25,202125,1488252.0,1483771.0,False,False,135299,9091.1351,2021-06-25,0.0375,5076,472,city,RS,1126,19
Porto Alegre,4314902.0,2021-06-26,202125,1488252.0,1483771.0,False,False,135439,9100.54211,2021-06-26,0.0376,5088,473,city,RS,140,12
Porto Alegre,4314902.0,2021-06-27,202126,1488252.0,1483771.0,False,False,135457,9101.75159,2021-06-27,0.0376,5093,474,city,RS,18,5
Porto Alegre,4314902.0,2021-06-28,202126,1488252.0,1483771.0,False,False,135465,9102.28913,2021-06-28,0.0376,5095,475,city,RS,8,2
Porto Alegre,4314902.0,2021-06-29,202126,1488252.0,1483771.0,False,False,135538,9107.19421,2021-06-29,0.0376,5102,476,city,RS,73,7
Porto Alegre,4314902.0,2021-06-30,202126,1488252.0,1483771.0,False,False,135572,9109.47877,2021-06-30,0.0377,5113,477,city,RS,34,11
Porto Alegre,4314902.0,2021-07-01,202126,1488252.0,1483771.0,False,False,135629,9113.30877,2021-07-01,0.0378,5130,478,city,RS,57,17
Porto Alegre,4314902.0,2021-07-02,202126,1488252.0,1483771.0,False,False,135788,9123.99244,2021-07-02,0.0378,5133,479,city,RS,159,3
Porto Alegre,4314902.0,2021-07-03,202126,1488252.0,1483771.0,False,False,136010,9138.90927,2021-07-03,0.0378,5141,480,city,RS,222,8
Porto Alegre,4314902.0,2021-07-04,202127,1488252.0,1483771.0,False,False,136023,9139.78278,2021-07-04,0.0378,5145,481,city,RS,13,4
Porto Alegre,4314902.0,2021-07-05,202127,1488252.0,1483771.0,False,False,136032,9140.38752,2021-07-05,0.0378,5146,482,city,RS,9,1
Porto Alegre,4314902.0,2021-07-06,202127,1488252.0,1483771.0,False,False,136270,9156.37943,2021-07-06,0.0378,5157,483,city,RS,238,11
Porto Alegre,4314902.0,2021-07-07,202127,1488252.0,1483771.0,False,False,136388,9164.3082,2021-07-07,0.0379,5163,484,city,RS,118,6
Porto Alegre,4314902.0,2021-07-08,202127,1488252.0,1483771.0,False,False,136467,9169.61644,2021-07-08,0.0379,5169,485,city,RS,79,6
Porto Alegre,4314902.0,2021-07-09,202127,1488252.0,1483771.0,False,False,136681,9183.99572,2021-07-09,0.0379,5187,486,city,RS,214,18
Porto Alegre,4314902.0,2021-07-10,202127,1488252.0,1483771.0,False,False,137353,9229.14936,2021-07-10,0.0378,5192,487,city,RS,672,5
Porto Alegre,4314902.0,2021-07-11,202128,1488252.0,1483771.0,False,False,137358,9229.48533,2021-07-11,0.0378,5193,488,city,RS,5,1
Porto Alegre,4314902.0,2021-07-12,202128,1488252.0,1483771.0,False,False,137359,9229.55252,2021-07-12,0.0378,5193,489,city,RS,1,0
Porto Alegre,4314902.0,2021-07-13,202128,1488252.0,1483771.0,False,False,138907,9333.56716,2021-07-13,0.0374,5200,490,city,RS,1548,7
Porto Alegre,4314902.0,2021-07-14,202128,1488252.0,1483771.0,False,False,139128,9348.4168,2021-07-14,0.0375,5215,491,city,RS,221,15
Porto Alegre,4314902.0,2021-07-15,202128,1488252.0,1483771.0,False,False,139244,9356.21118,2021-07-15,0.0375,5227,492,city,RS,116,12
Porto Alegre,4314902.0,2021-07-16,202128,1488252.0,1483771.0,False,False,139275,9358.29416,2021-07-16,0.0376,5235,493,city,RS,31,8
Porto Alegre,4314902.0,2021-07-17,202128,1488252.0,1483771.0,False,False,139646,9383.22273,2021-07-17,0.0375,5239,494,city,RS,371,4
Porto Alegre,4314902.0,2021-07-18,202129,1488252.0,1483771.0,False,False,139654,9383.76028,2021-07-18,0.0375,5244,495,city,RS,8,5
Porto Alegre,4314902.0,2021-07-19,202129,1488252.0,1483771.0,False,False,139657,9383.96186,2021-07-19,0.0376,5245,496,city,RS,3,1
Porto Alegre,4314902.0,2021-07-20,202129,1488252.0,1483771.0,False,False,139695,9386.51519,2021-07-20,0.0377,5260,497,city,RS,38,15
Porto Alegre,4314902.0,2021-07-21,202129,1488252.0,1483771.0,False,True,139695,9386.51519,2021-07-20,0.0377,5260,498,city,RS,0,0
Porto Alegre,4314902.0,2021-07-22,202129,1488252.0,1483771.0,False,False,139944,9403.24622,2021-07-22,0.0377,5274,499,city,RS,249,14
Porto Alegre,4314902.0,2021-07-23,202129,1488252.0,1483771.0,False,False,154933,10410.40093,2021-07-23,0.0341,5282,500,city,RS,14989,8
Porto Alegre,4314902.0,2021-07-24,202129,1488252.0,1483771.0,False,False,160143,10760.47605,2021-07-24,0.033,5287,501,city,RS,5210,5
Porto Alegre,4314902.0,2021-07-25,202130,1488252.0,1483771.0,False,False,160191,10763.70131,2021-07-25,0.033,5287,502,city,RS,48,0
Porto Alegre,4314902.0,2021-07-26,202130,1488252.0,1483771.0,False,False,160313,10771.89885,2021-07-26,0.033,5290,503,city,RS,122,3
Porto Alegre,4314902.0,2021-07-27,202130,1488252.0,1483771.0,False,False,160422,10779.22287,2021-07-27,0.0331,5303,504,city,RS,109,13
Porto Alegre,4314902.0,2021-07-28,202130,1488252.0,1483771.0,False,False,161353,10841.77948,2021-07-28,0.0329,5309,505,city,RS,931,6
Porto Alegre,4314902.0,2021-07-29,202130,1488252.0,1483771.0,False,False,162515,10919.85766,2021-07-29,0.0327,5313,506,city,RS,1162,4
Porto Alegre,4314902.0,2021-07-30,202130,1488252.0,1483771.0,False,False,162754,10935.91677,2021-07-30,0.0327,5315,507,city,RS,239,2
Porto Alegre,4314902.0,2021-07-31,202130,1488252.0,1483771.0,False,False,165816,11141.66149,2021-07-31,0.0321,5320,508,city,RS,3062,5
Porto Alegre,4314902.0,2021-08-01,202131,1488252.0,1483771.0,False,False,166303,11174.38445,2021-08-01,0.032,5322,509,city,RS,487,2
Porto Alegre,4314902.0,2021-08-02,202131,1488252.0,1483771.0,False,False,166356,11177.94567,2021-08-02,0.032,5323,510,city,RS,53,1
Porto Alegre,4314902.0,2021-08-03,202131,1488252.0,1483771.0,False,False,166578,11192.8625,2021-08-03,0.032,5332,511,city,RS,222,9
Porto Alegre,4314902.0,2021-08-04,202131,1488252.0,1483771.0,False,False,166763,11205.29319,2021-08-04,0.032,5335,512,city,RS,185,3
Porto Alegre,4314902.0,2021-08-05,202131,1488252.0,1483771.0,False,False,168178,11300.37117,2021-08-05,0.0318,5343,513,city,RS,1415,8
Porto Alegre,4314902.0,2021-08-06,202131,1488252.0,1483771.0,False,False,168325,11310.24853,2021-08-06,0.0318,5349,514,city,RS,147,6
Porto Alegre,4314902.0,2021-08-07,202131,1488252.0,1483771.0,False,False,168389,11314.54888,2021-08-07,0.0318,5357,515,city,RS,64,8
Porto Alegre,4314902.0,2021-08-08,202132,1488252.0,1483771.0,False,False,168440,11317.97572,2021-08-08,0.0318,5360,516,city,RS,51,3
Porto Alegre,4314902.0,2021-08-09,202132,1488252.0,1483771.0,False,False,168459,11319.25238,2021-08-09,0.0318,5363,517,city,RS,19,3
Porto Alegre,4314902.0,2021-08-10,202132,1488252.0,1483771.0,False,False,168506,11322.41045,2021-08-10,0.0319,5369,518,city,RS,47,6
Porto Alegre,4314902.0,2021-08-11,202132,1488252.0,1483771.0,False,False,168602,11328.86097,2021-08-11,0.0319,5375,519,city,RS,96,6
Porto Alegre,4314902.0,2021-08-12,202132,1488252.0,1483771.0,False,False,168644,11331.68308,2021-08-12,0.0319,5383,520,city,RS,42,8
Porto Alegre,4314902.0,2021-08-13,202132,1488252.0,1483771.0,False,False,168682,11334.23641,2021-08-13,0.0319,5384,521,city,RS,38,1
Porto Alegre,4314902.0,2021-08-14,202132,1488252.0,1483771.0,False,False,168786,11341.22447,2021-08-14,0.0319,5390,522,city,RS,104,6
Porto Alegre,4314902.0,2021-08-15,202133,1488252.0,1483771.0,False,False,168860,11346.19675,2021-08-15,0.0319,5392,523,city,RS,74,2
Porto Alegre,4314902.0,2021-08-16,202133,1488252.0,1483771.0,False,False,168887,11348.01096,2021-08-16,0.0319,5392,524,city,RS,27,0
Porto Alegre,4314902.0,2021-08-17,202133,1488252.0,1483771.0,False,False,168927,11350.69867,2021-08-17,0.032,5400,525,city,RS,40,8
Porto Alegre,4314902.0,2021-08-18,202133,1488252.0,1483771.0,False,False,169003,11355.80533,2021-08-18,0.032,5409,526,city,RS,76,9
Porto Alegre,4314902.0,2021-08-19,202133,1488252.0,1483771.0,False,False,169067,11360.10568,2021-08-19,0.0321,5423,527,city,RS,64,14
Porto Alegre,4314902.0,2021-08-20,202133,1488252.0,1483771.0,False,False,169185,11368.03445,2021-08-20,0.0321,5426,528,city,RS,118,3
Porto Alegre,4314902.0,2021-08-21,202133,1488252.0,1483771.0,False,True,169185,11368.03445,2021-08-20,0.0321,5426,529,city,RS,0,0
Porto Alegre,4314902.0,2021-08-22,202134,1488252.0,1483771.0,False,False,169333,11377.979,2021-08-22,0.0321,5436,530,city,RS,148,10
Porto Alegre,4314902.0,2021-08-23,202134,1488252.0,1483771.0,False,False,169371,11380.53233,2021-08-23,0.0321,5436,531,city,RS,38,0
Porto Alegre,4314902.0,2021-08-24,202134,1488252.0,1483771.0,False,False,169309,11376.36637,2021-08-24,0.0322,5444,532,city,RS,-62,8
Porto Alegre,4314902.0,2021-08-25,202134,1488252.0,1483771.0,False,False,169254,11372.67076,2021-08-25,0.0322,5452,533,city,RS,-55,8
Porto Alegre,4314902.0,2021-08-26,202134,1488252.0,1483771.0,False,False,169188,11368.23602,2021-08-26,0.0323,5458,534,city,RS,-66,6
Porto Alegre,4314902.0,2021-08-27,202134,1488252.0,1483771.0,False,False,169270,11373.74584,2021-08-27,0.0323,5464,535,city,RS,82,6
Porto Alegre,4314902.0,2021-08-28,202134,1488252.0,1483771.0,False,False,169343,11378.65093,2021-08-28,0.0323,5473,536,city,RS,73,9
Porto Alegre,4314902.0,2021-08-29,202135,1488252.0,1483771.0,False,True,169343,11378.65093,2021-08-28,0.0323,5473,537,city,RS,0,0
Porto Alegre,4314902.0,2021-08-30,202135,1488252.0,1483771.0,False,False,169429,11384.42952,2021-08-30,0.0323,5477,538,city,RS,86,4
Porto Alegre,4314902.0,2021-08-31,202135,1488252.0,1483771.0,False,False,169316,11376.83672,2021-08-31,0.0324,5482,539,city,RS,-113,5
Porto Alegre,4314902.0,2021-09-01,202135,1488252.0,1483771.0,False,True,169316,11376.83672,2021-08-31,0.0324,5482,540,city,RS,0,0
Porto Alegre,4314902.0,2021-09-02,202135,1488252.0,1483771.0,False,False,169149,11365.6155,2021-09-02,0.0325,5501,541,city,RS,-167,19
Porto Alegre,4314902.0,2021-09-03,202135,1488252.0,1483771.0,False,False,169031,11357.68674,2021-09-03,0.0326,5505,542,city,RS,-118,4
Porto Alegre,4314902.0,2021-09-04,202135,1488252.0,1483771.0,False,False,168964,11353.18481,2021-09-04,0.0326,5507,543,city,RS,-67,2
Porto Alegre,4314902.0,2021-09-05,202136,1488252.0,1483771.0,False,False,169012,11356.41007,2021-09-05,0.0326,5510,544,city,RS,48,3
Porto Alegre,4314902.0,2021-09-06,202136,1488252.0,1483771.0,False,False,169069,11360.24007,2021-09-06,0.0326,5511,545,city,RS,57,1
Porto Alegre,4314902.0,2021-09-07,202136,1488252.0,1483771.0,False,False,169264,11373.34269,2021-09-07,0.0326,5515,546,city,RS,195,4
Porto Alegre,4314902.0,2021-09-08,202136,1488252.0,1483771.0,False,False,169339,11378.38216,2021-09-08,0.0326,5517,547,city,RS,75,2
Porto Alegre,4314902.0,2021-09-09,202136,1488252.0,1483771.0,False,False,169342,11378.58373,2021-09-09,0.0326,5520,548,city,RS,3,3
Porto Alegre,4314902.0,2021-09-10,202136,1488252.0,1483771.0,False,False,169499,11389.13302,2021-09-10,0.0326,5525,549,city,RS,157,5
Porto Alegre,4314902.0,2021-09-11,202136,1488252.0,1483771.0,False,False,169499,11389.13302,2021-09-11,0.0326,5525,550,city,RS,0,0
Porto Alegre,4314902.0,2021-09-12,202137,1488252.0,1483771.0,False,False,169571,11393.97091,2021-09-12,0.0326,5532,551,city,RS,72,7
Porto Alegre,4314902.0,2021-09-13,202137,1488252.0,1483771.0,False,False,169565,11393.56776,2021-09-13,0.0326,5534,552,city,RS,-6,2
Porto Alegre,4314902.0,2021-09-14,202137,1488252.0,1483771.0,False,False,169584,11394.84442,2021-09-14,0.0327,5545,553,city,RS,19,11
Porto Alegre,4314902.0,2021-09-15,202137,1488252.0,1483771.0,False,False,169651,11399.34635,2021-09-15,0.0327,5555,554,city,RS,67,10
Porto Alegre,4314902.0,2021-09-16,202137,1488252.0,1483771.0,False,False,169701,11402.70599,2021-09-16,0.0327,5556,555,city,RS,50,1
Porto Alegre,4314902.0,2021-09-17,202137,1488252.0,1483771.0,False,False,169930,11418.09317,2021-09-17,0.0327,5562,556,city,RS,229,6
Porto Alegre,4314902.0,2021-09-18,202137,1488252.0,1483771.0,False,False,170592,11462.57489,2021-09-18,0.0326,5566,557,city,RS,662,4
Porto Alegre,4314902.0,2021-09-19,202138,1488252.0,1483771.0,False,False,170631,11465.19541,2021-09-19,0.0326,5566,558,city,RS,39,0
Porto Alegre,4314902.0,2021-09-20,202138,1488252.0,1483771.0,False,False,170660,11467.14401,2021-09-20,0.0326,5568,559,city,RS,29,2
Porto Alegre,4314902.0,2021-09-21,202138,1488252.0,1483771.0,False,False,170673,11468.01751,2021-09-21,0.0326,5569,560,city,RS,13,1
Porto Alegre,4314902.0,2021-09-22,202138,1488252.0,1483771.0,False,False,170565,11460.76068,2021-09-22,0.0327,5580,561,city,RS,-108,11
Porto Alegre,4314902.0,2021-09-23,202138,1488252.0,1483771.0,False,False,170416,11450.74893,2021-09-23,0.0328,5588,562,city,RS,-149,8
Porto Alegre,4314902.0,2021-09-24,202138,1488252.0,1483771.0,False,False,170315,11443.96245,2021-09-24,0.0328,5594,563,city,RS,-101,6
Porto Alegre,4314902.0,2021-09-25,202138,1488252.0,1483771.0,False,True,170315,11443.96245,2021-09-24,0.0328,5594,564,city,RS,0,0
Porto Alegre,4314902.0,2021-09-26,202139,1488252.0,1483771.0,False,False,170217,11437.37754,2021-09-26,0.0329,5599,565,city,RS,-98,5
Porto Alegre,4314902.0,2021-09-27,202139,1488252.0,1483771.0,False,True,170217,11437.37754,2021-09-26,0.0329,5599,566,city,RS,0,0
Porto Alegre,4314902.0,2021-09-28,202139,1488252.0,1483771.0,False,False,170107,11429.98632,2021-09-28,0.0329,5604,567,city,RS,-110,5
Porto Alegre,4314902.0,2021-09-29,202139,1488252.0,1483771.0,False,True,170107,11429.98632,2021-09-28,0.0329,5604,568,city,RS,0,0
Porto Alegre,4314902.0,2021-09-30,202139,1488252.0,1483771.0,False,False,170071,11427.56737,2021-09-30,0.033,5613,569,city,RS,-36,9
Porto Alegre,4314902.0,2021-10-01,202139,1488252.0,1483771.0,False,False,170295,11442.61859,2021-10-01,0.033,5616,570,city,RS,224,3
Porto Alegre,4314902.0,2021-10-02,202139,1488252.0,1483771.0,False,False,170411,11450.41297,2021-10-02,0.033,5620,571,city,RS,116,4
Porto Alegre,4314902.0,2021-10-03,202140,1488252.0,1483771.0,False,False,170458,11453.57104,2021-10-03,0.033,5622,572,city,RS,47,2
Porto Alegre,4314902.0,2021-10-04,202140,1488252.0,1483771.0,False,False,170484,11455.31805,2021-10-04,0.033,5623,573,city,RS,26,1
Porto Alegre,4314902.0,2021-10-05,202140,1488252.0,1483771.0,False,False,170653,11466.67365,2021-10-05,0.033,5626,574,city,RS,169,3
Porto Alegre,4314902.0,2021-10-06,202140,1488252.0,1483771.0,False,False,170690,11469.15979,2021-10-06,0.033,5630,575,city,RS,37,4
Porto Alegre,4314902.0,2021-10-07,202140,1488252.0,1483771.0,False,True,170690,11469.15979,2021-10-06,0.033,5630,576,city,RS,0,0
Porto Alegre,4314902.0,2021-10-08,202140,1488252.0,1483771.0,False,False,170835,11478.90277,2021-10-08,0.033,5638,577,city,RS,145,8
Porto Alegre,4314902.0,2021-10-09,202140,1488252.0,1483771.0,False,False,170916,11484.34539,2021-10-09,0.033,5640,578,city,RS,81,2
Porto Alegre,4314902.0,2021-10-10,202141,1488252.0,1483771.0,False,False,170954,11486.89872,2021-10-10,0.033,5641,579,city,RS,38,1
Porto Alegre,4314902.0,2021-10-11,202141,1488252.0,1483771.0,False,False,170995,11489.65363,2021-10-11,0.033,5640,580,city,RS,41,-1
Porto Alegre,4314902.0,2021-10-12,202141,1488252.0,1483771.0,False,False,171059,11493.95398,2021-10-12,0.033,5643,581,city,RS,64,3
Porto Alegre,4314902.0,2021-10-13,202141,1488252.0,1483771.0,False,False,171074,11494.96187,2021-10-13,0.033,5644,582,city,RS,15,1
Porto Alegre,4314902.0,2021-10-14,202141,1488252.0,1483771.0,False,False,171008,11490.52714,2021-10-14,0.0331,5654,583,city,RS,-66,10
Porto Alegre,4314902.0,2021-10-15,202141,1488252.0,1483771.0,False,False,170947,11486.42837,2021-10-15,0.0331,5656,584,city,RS,-61,2
Porto Alegre,4314902.0,2021-10-16,202141,1488252.0,1483771.0,False,False,170888,11482.46399,2021-10-16,0.0331,5660,585,city,RS,-59,4
Porto Alegre,4314902.0,2021-10-17,202142,1488252.0,1483771.0,False,False,170925,11484.95013,2021-10-17,0.0331,5663,586,city,RS,37,3
Porto Alegre,4314902.0,2021-10-18,202142,1488252.0,1483771.0,False,False,170936,11485.68925,2021-10-18,0.0331,5663,587,city,RS,11,0
Porto Alegre,4314902.0,2021-10-19,202142,1488252.0,1483771.0,False,False,170878,11481.79206,2021-10-19,0.0332,5666,588,city,RS,-58,3
Porto Alegre,4314902.0,2021-10-20,202142,1488252.0,1483771.0,False,False,170782,11475.34154,2021-10-20,0.0332,5673,589,city,RS,-96,7
Porto Alegre,4314902.0,2021-10-21,202142,1488252.0,1483771.0,False,False,170866,11480.98575,2021-10-21,0.0332,5678,590,city,RS,84,5
Porto Alegre,4314902.0,2021-10-22,202142,1488252.0,1483771.0,False,False,170753,11473.39295,2021-10-22,0.0333,5680,591,city,RS,-113,2
Porto Alegre,4314902.0,2021-10-23,202142,1488252.0,1483771.0,False,False,170679,11468.42067,2021-10-23,0.0333,5686,592,city,RS,-74,6
Porto Alegre,4314902.0,2021-10-24,202143,1488252.0,1483771.0,False,False,170713,11470.70523,2021-10-24,0.0333,5686,593,city,RS,34,0
Porto Alegre,4314902.0,2021-10-25,202143,1488252.0,1483771.0,False,False,170734,11472.11628,2021-10-25,0.0333,5686,594,city,RS,21,0
Porto Alegre,4314902.0,2021-10-26,202143,1488252.0,1483771.0,False,False,170550,11459.75278,2021-10-26,0.0334,5693,595,city,RS,-184,7
Porto Alegre,4314902.0,2021-10-27,202143,1488252.0,1483771.0,False,False,170522,11457.87138,2021-10-27,0.0334,5695,596,city,RS,-28,2
Porto Alegre,4314902.0,2021-10-28,202143,1488252.0,1483771.0,False,False,170665,11467.47997,2021-10-28,0.0334,5699,597,city,RS,143,4
Porto Alegre,4314902.0,2021-10-29,202143,1488252.0,1483771.0,False,False,170744,11472.78821,2021-10-29,0.0334,5703,598,city,RS,79,4
Porto Alegre,4314902.0,2021-10-30,202143,1488252.0,1483771.0,False,False,170896,11483.00153,2021-10-30,0.0334,5708,599,city,RS,152,5
Porto Alegre,4314902.0,2021-10-31,202144,1488252.0,1483771.0,False,False,170958,11487.1675,2021-10-31,0.0334,5712,600,city,RS,62,4
Porto Alegre,4314902.0,2021-11-01,202144,1488252.0,1483771.0,False,False,170979,11488.57855,2021-11-01,0.0334,5713,601,city,RS,21,1
Porto Alegre,4314902.0,2021-11-02,202144,1488252.0,1483771.0,False,False,171012,11490.79591,2021-11-02,0.0334,5717,602,city,RS,33,4
Porto Alegre,4314902.0,2021-11-03,202144,1488252.0,1483771.0,False,False,171039,11492.61012,2021-11-03,0.0334,5718,603,city,RS,27,1
Porto Alegre,4314902.0,2021-11-04,202144,1488252.0,1483771.0,False,False,171046,11493.08047,2021-11-04,0.0334,5721,604,city,RS,7,3
Porto Alegre,4314902.0,2021-11-05,202144,1488252.0,1483771.0,False,False,171106,11497.11205,2021-11-05,0.0335,5725,605,city,RS,60,4
Porto Alegre,4314902.0,2021-11-06,202144,1488252.0,1483771.0,False,False,171177,11501.88275,2021-11-06,0.0335,5727,606,city,RS,71,2
Porto Alegre,4314902.0,2021-11-07,202145,1488252.0,1483771.0,False,False,171208,11503.96573,2021-11-07,0.0335,5729,607,city,RS,31,2
Porto Alegre,4314902.0,2021-11-08,202145,1488252.0,1483771.0,False,False,171235,11505.77994,2021-11-08,0.0335,5729,608,city,RS,27,0
Porto Alegre,4314902.0,2021-11-09,202145,1488252.0,1483771.0,False,False,171279,11508.73642,2021-11-09,0.0335,5738,609,city,RS,44,9
Porto Alegre,4314902.0,2021-11-10,202145,1488252.0,1483771.0,False,False,171315,11511.15537,2021-11-10,0.0335,5742,610,city,RS,36,4
Porto Alegre,4314902.0,2021-11-11,202145,1488252.0,1483771.0,False,False,171362,11514.31344,2021-11-11,0.0335,5745,611,city,RS,47,3
Porto Alegre,4314902.0,2021-11-12,202145,1488252.0,1483771.0,False,False,171401,11516.93396,2021-11-12,0.0335,5748,612,city,RS,39,3
Porto Alegre,4314902.0,2021-11-13,202145,1488252.0,1483771.0,False,False,171450,11520.22641,2021-11-13,0.0335,5750,613,city,RS,49,2
Porto Alegre,4314902.0,2021-11-14,202146,1488252.0,1483771.0,False,False,171465,11521.23431,2021-11-14,0.0335,5751,614,city,RS,15,1
Porto Alegre,4314902.0,2021-11-15,202146,1488252.0,1483771.0,False,False,171482,11522.37659,2021-11-15,0.0335,5751,615,city,RS,17,0
Porto Alegre,4314902.0,2021-11-16,202146,1488252.0,1483771.0,False,False,171498,11523.45167,2021-11-16,0.0335,5751,616,city,RS,16,0
Porto Alegre,4314902.0,2021-11-17,202146,1488252.0,1483771.0,False,False,171534,11525.87062,2021-11-17,0.0336,5757,617,city,RS,36,6
Porto Alegre,4314902.0,2021-11-18,202146,1488252.0,1483771.0,False,True,171534,11525.87062,2021-11-17,0.0336,5757,618,city,RS,0,0
Porto Alegre,4314902.0,2021-11-19,202146,1488252.0,1483771.0,False,False,171612,11531.11167,2021-11-19,0.0336,5759,619,city,RS,78,2
Porto Alegre,4314902.0,2021-11-20,202146,1488252.0,1483771.0,False,False,171642,11533.12745,2021-11-20,0.0336,5762,620,city,RS,30,3
Porto Alegre,4314902.0,2021-11-21,202147,1488252.0,1483771.0,False,False,171662,11534.47131,2021-11-21,0.0336,5765,621,city,RS,20,3
Porto Alegre,4314902.0,2021-11-22,202147,1488252.0,1483771.0,False,False,171634,11532.58991,2021-11-22,0.0336,5765,622,city,RS,-28,0
Porto Alegre,4314902.0,2021-11-23,202147,1488252.0,1483771.0,False,False,171483,11522.44378,2021-11-23,0.0337,5771,623,city,RS,-151,6
Porto Alegre,4314902.0,2021-11-24,202147,1488252.0,1483771.0,False,False,171522,11525.0643,2021-11-24,0.0337,5774,624,city,RS,39,3
Porto Alegre,4314902.0,2021-11-25,202147,1488252.0,1483771.0,False,False,171566,11528.02079,2021-11-25,0.0337,5779,625,city,RS,44,5
Porto Alegre,4314902.0,2021-11-26,202147,1488252.0,1483771.0,False,False,171610,11530.97728,2021-11-26,0.0337,5783,626,city,RS,44,4
Porto Alegre,4314902.0,2021-11-27,202147,1488252.0,1483771.0,False,False,171647,11533.46342,2021-11-27,0.0337,5791,627,city,RS,37,8
Porto Alegre,4314902.0,2021-11-28,202148,1488252.0,1483771.0,False,True,171647,11533.46342,2021-11-27,0.0337,5791,628,city,RS,0,0
Porto Alegre,4314902.0,2021-11-29,202148,1488252.0,1483771.0,False,False,171704,11537.29342,2021-11-29,0.0337,5791,629,city,RS,57,0
Porto Alegre,4314902.0,2021-11-30,202148,1488252.0,1483771.0,False,False,171731,11539.10762,2021-11-30,0.0337,5793,630,city,RS,27,2
Porto Alegre,4314902.0,2021-12-01,202148,1488252.0,1483771.0,False,False,171781,11542.46727,2021-12-01,0.0337,5794,631,city,RS,50,1
Porto Alegre,4314902.0,2021-12-02,202148,1488252.0,1483771.0,False,False,171824,11545.35657,2021-12-02,0.0337,5796,632,city,RS,43,2
Porto Alegre,4314902.0,2021-12-03,202148,1488252.0,1483771.0,False,False,171865,11548.11148,2021-12-03,0.0337,5800,633,city,RS,41,4
Porto Alegre,4314902.0,2021-12-04,202148,1488252.0,1483771.0,False,False,171917,11551.60551,2021-12-04,0.0338,5803,634,city,RS,52,3
Porto Alegre,4314902.0,2021-12-05,202149,1488252.0,1483771.0,False,False,171957,11554.29322,2021-12-05,0.0337,5803,635,city,RS,40,0
Porto Alegre,4314902.0,2021-12-06,202149,1488252.0,1483771.0,False,True,171957,11554.29322,2021-12-05,0.0337,5803,636,city,RS,0,0
Porto Alegre,4314902.0,2021-12-07,202149,1488252.0,1483771.0,False,False,172030,11559.19831,2021-12-07,0.0337,5805,637,city,RS,73,2
Porto Alegre,4314902.0,2021-12-08,202149,1488252.0,1483771.0,False,False,172083,11562.75953,2021-12-08,0.0337,5805,638,city,RS,53,0
Porto Alegre,4314902.0,2021-12-09,202149,1488252.0,1483771.0,False,False,172118,11565.11128,2021-12-09,0.0337,5807,639,city,RS,35,2
Porto Alegre,4314902.0,2021-12-10,202149,1488252.0,1483771.0,False,False,172168,11568.47093,2021-12-10,0.0337,5806,640,city,RS,50,-1
Porto Alegre,4314902.0,2021-12-11,202149,1488252.0,1483771.0,False,True,172168,11568.47093,2021-12-10,0.0337,5806,641,city,RS,0,0
Porto Alegre,4314902.0,2021-12-12,202150,1488252.0,1483771.0,False,True,172168,11568.47093,2021-12-10,0.0337,5806,642,city,RS,0,0
Porto Alegre,4314902.0,2021-12-13,202150,1488252.0,1483771.0,False,True,172168,11568.47093,2021-12-10,0.0337,5806,643,city,RS,0,0
Porto Alegre,4314902.0,2021-12-14,202150,1488252.0,1483771.0,False,False,172190,11569.94918,2021-12-14,0.0337,5807,644,city,RS,22,1
Porto Alegre,4314902.0,2021-12-15,202150,1488252.0,1483771.0,False,False,172194,11570.21795,2021-12-15,0.0337,5811,645,city,RS,4,4
Porto Alegre,4314902.0,2021-12-16,202150,1488252.0,1483771.0,False,False,172211,11571.36023,2021-12-16,0.0337,5812,646,city,RS,17,1
Porto Alegre,4314902.0,2021-12-17,202150,1488252.0,1483771.0,False,False,172234,11572.90566,2021-12-17,0.0338,5815,647,city,RS,23,3
Porto Alegre,4314902.0,2021-12-18,202150,1488252.0,1483771.0,False,False,172245,11573.64479,2021-12-18,0.0338,5817,648,city,RS,11,2
Porto Alegre,4314902.0,2021-12-19,202151,1488252.0,1483771.0,False,True,172245,11573.64479,2021-12-18,0.0338,5817,649,city,RS,0,0
Porto Alegre,4314902.0,2021-12-20,202151,1488252.0,1483771.0,False,False,172263,11574.85426,2021-12-20,0.0338,5817,650,city,RS,18,0
Porto Alegre,4314902.0,2021-12-21,202151,1488252.0,1483771.0,False,False,172285,11576.3325,2021-12-21,0.0338,5818,651,city,RS,22,1
Porto Alegre,4314902.0,2021-12-22,202151,1488252.0,1483771.0,False,False,172294,11576.93724,2021-12-22,0.0338,5818,652,city,RS,9,0
Porto Alegre,4314902.0,2021-12-23,202151,1488252.0,1483771.0,False,False,172314,11578.2811,2021-12-23,0.0338,5819,653,city,RS,20,1
Porto Alegre,4314902.0,2021-12-24,202151,1488252.0,1483771.0,False,False,172327,11579.15461,2021-12-24,0.0338,5820,654,city,RS,13,1
Porto Alegre,4314902.0,2021-12-25,202151,1488252.0,1483771.0,False,True,172327,11579.15461,2021-12-24,0.0338,5820,655,city,RS,0,0
Porto Alegre,4314902.0,2021-12-26,202152,1488252.0,1483771.0,False,True,172327,11579.15461,2021-12-24,0.0338,5820,656,city,RS,0,0
Porto Alegre,4314902.0,2021-12-27,202152,1488252.0,1483771.0,False,False,172463,11588.29284,2021-12-27,0.0337,5820,657,city,RS,136,0
Porto Alegre,4314902.0,2021-12-28,202152,1488252.0,1483771.0,False,False,172550,11594.13863,2021-12-28,0.0337,5823,658,city,RS,87,3
Porto Alegre,4314902.0,2021-12-29,202152,1488252.0,1483771.0,False,False,172697,11604.01599,2021-12-29,0.0337,5827,659,city,RS,147,4
Porto Alegre,4314902.0,2021-12-30,202152,1488252.0,1483771.0,False,False,172812,11611.74317,2021-12-30,0.0337,5827,660,city,RS,115,0
Porto Alegre,4314902.0,2021-12-31,202152,1488252.0,1483771.0,False,False,172971,11622.42685,2021-12-31,0.0337,5828,661,city,RS,159,1
Porto Alegre,4314902.0,2022-01-01,202152,1488252.0,1483771.0,False,True,172971,11622.42685,2021-12-31,0.0337,5828,662,city,RS,0,0
Porto Alegre,4314902.0,2022-01-02,202201,1488252.0,1483771.0,False,True,172971,11622.42685,2021-12-31,0.0337,5828,663,city,RS,0,0
Porto Alegre,4314902.0,2022-01-03,202201,1488252.0,1483771.0,False,True,172971,11622.42685,2021-12-31,0.0337,5828,664,city,RS,0,0
Porto Alegre,4314902.0,2022-01-04,202201,1488252.0,1483771.0,False,False,173424,11652.86524,2022-01-04,0.0336,5826,665,city,RS,453,-2
Porto Alegre,4314902.0,2022-01-05,202201,1488252.0,1483771.0,False,False,173784,11677.05469,2022-01-05,0.0335,5828,666,city,RS,360,2
Porto Alegre,4314902.0,2022-01-06,202201,1488252.0,1483771.0,False,False,174357,11715.55624,2022-01-06,0.0334,5829,667,city,RS,573,1
Porto Alegre,4314902.0,2022-01-07,202201,1488252.0,1483771.0,False,False,175104,11765.74935,2022-01-07,0.0333,5828,668,city,RS,747,-1
Porto Alegre,4314902.0,2022-01-08,202201,1488252.0,1483771.0,False,False,176176,11837.78016,2022-01-08,0.0331,5828,669,city,RS,1072,0
Porto Alegre,4314902.0,2022-01-09,202202,1488252.0,1483771.0,False,True,176176,11837.78016,2022-01-08,0.0331,5828,670,city,RS,0,0
Porto Alegre,4314902.0,2022-01-10,202202,1488252.0,1483771.0,False,True,176176,11837.78016,2022-01-08,0.0331,5828,671,city,RS,0,0
Porto Alegre,4314902.0,2022-01-11,202202,1488252.0,1483771.0,False,False,178542,11996.75861,2022-01-11,0.0327,5831,672,city,RS,2366,3
Porto Alegre,4314902.0,2022-01-12,202202,1488252.0,1483771.0,False,False,180193,12107.69413,2022-01-12,0.0324,5832,673,city,RS,1651,1
Porto Alegre,4314902.0,2022-01-13,202202,1488252.0,1483771.0,False,False,182176,12240.93769,2022-01-13,0.032,5833,674,city,RS,1983,1
Porto Alegre,4314902.0,2022-01-14,202202,1488252.0,1483771.0,False,False,184663,12408.04649,2022-01-14,0.0316,5834,675,city,RS,2487,1
Porto Alegre,4314902.0,2022-01-15,202202,1488252.0,1483771.0,False,True,184663,12408.04649,2022-01-14,0.0316,5834,676,city,RS,0,0
Porto Alegre,4314902.0,2022-01-16,202203,1488252.0,1483771.0,False,True,184663,12408.04649,2022-01-14,0.0316,5834,677,city,RS,0,0
Porto Alegre,4314902.0,2022-01-17,202203,1488252.0,1483771.0,False,False,186040,12500.57114,2022-01-17,0.0314,5838,678,city,RS,1377,4
Porto Alegre,4314902.0,2022-01-18,202203,1488252.0,1483771.0,False,False,188292,12651.8896,2022-01-18,0.031,5845,679,city,RS,2252,7
Porto Alegre,4314902.0,2022-01-19,202203,1488252.0,1483771.0,False,False,191167,12845.06925,2022-01-19,0.0306,5846,680,city,RS,2875,1
Porto Alegre,4314902.0,2022-01-20,202203,1488252.0,1483771.0,False,False,193770,13019.97242,2022-01-20,0.0302,5848,681,city,RS,2603,2
Porto Alegre,4314902.0,2022-01-21,202203,1488252.0,1483771.0,False,False,196148,13179.75719,2022-01-21,0.0298,5853,682,city,RS,2378,5
Porto Alegre,4314902.0,2022-01-22,202203,1488252.0,1483771.0,False,True,196148,13179.75719,2022-01-21,0.0298,5853,683,city,RS,0,0
Porto Alegre,4314902.0,2022-01-23,202204,1488252.0,1483771.0,False,True,196148,13179.75719,2022-01-21,0.0298,5853,684,city,RS,0,0
Porto Alegre,4314902.0,2022-01-24,202204,1488252.0,1483771.0,False,False,200133,13447.52098,2022-01-24,0.0293,5862,685,city,RS,3985,9
Porto Alegre,4314902.0,2022-01-25,202204,1488252.0,1483771.0,False,False,202684,13618.93013,2022-01-25,0.029,5868,686,city,RS,2551,6
Porto Alegre,4314902.0,2022-01-26,202204,1488252.0,1483771.0,False,False,205154,13784.89664,2022-01-26,0.0287,5879,687,city,RS,2470,11
Porto Alegre,4314902.0,2022-01-27,202204,1488252.0,1483771.0,False,False,207779,13961.27806,2022-01-27,0.0283,5882,688,city,RS,2625,3
Porto Alegre,4314902.0,2022-01-28,202204,1488252.0,1483771.0,False,False,210358,14134.56861,2022-01-28,0.028,5884,689,city,RS,2579,2
Porto Alegre,4314902.0,2022-01-29,202204,1488252.0,1483771.0,False,False,212881,14304.09635,2022-01-29,0.0277,5888,690,city,RS,2523,4
Porto Alegre,4314902.0,2022-01-30,202205,1488252.0,1483771.0,False,False,213482,14344.4793,2022-01-30,0.0276,5891,691,city,RS,601,3
Porto Alegre,4314902.0,2022-01-31,202205,1488252.0,1483771.0,False,False,213921,14373.97699,2022-01-31,0.0275,5892,692,city,RS,439,1
Porto Alegre,4314902.0,2022-02-01,202205,1488252.0,1483771.0,False,False,213945,14375.58962,2022-02-01,0.0276,5901,693,city,RS,24,9
Porto Alegre,4314902.0,2022-02-02,202205,1488252.0,1483771.0,False,False,216341,14536.58386,2022-02-02,0.0273,5907,694,city,RS,2396,6
Porto Alegre,4314902.0,2022-02-03,202205,1488252.0,1483771.0,False,False,218662,14692.53863,2022-02-03,0.027,5910,695,city,RS,2321,3
Porto Alegre,4314902.0,2022-02-04,202205,1488252.0,1483771.0,False,False,220678,14827.99956,2022-02-04,0.0268,5918,696,city,RS,2016,8
Porto Alegre,4314902.0,2022-02-05,202205,1488252.0,1483771.0,False,False,222500,14950.42506,2022-02-05,0.0266,5929,697,city,RS,1822,11
Porto Alegre,4314902.0,2022-02-06,202206,1488252.0,1483771.0,False,False,222761,14967.96241,2022-02-06,0.0266,5932,698,city,RS,261,3
Porto Alegre,4314902.0,2022-02-07,202206,1488252.0,1483771.0,False,False,223207,14997.93046,2022-02-07,0.0266,5934,699,city,RS,446,2
Porto Alegre,4314902.0,2022-02-08,202206,1488252.0,1483771.0,False,False,224784,15103.8937,2022-02-08,0.0264,5945,700,city,RS,1577,11
Porto Alegre,4314902.0,2022-02-09,202206,1488252.0,1483771.0,False,False,226156,15196.08238,2022-02-09,0.0263,5958,701,city,RS,1372,13
Porto Alegre,4314902.0,2022-02-10,202206,1488252.0,1483771.0,False,False,227404,15279.93915,2022-02-10,0.0262,5961,702,city,RS,1248,3
Porto Alegre,4314902.0,2022-02-11,202206,1488252.0,1483771.0,False,False,228592,15359.76434,2022-02-11,0.0261,5972,703,city,RS,1188,11
Porto Alegre,4314902.0,2022-02-12,202206,1488252.0,1483771.0,False,False,229755,15437.90971,2022-02-12,0.026,5985,704,city,RS,1163,13
Porto Alegre,4314902.0,2022-02-13,202207,1488252.0,1483771.0,False,False,230135,15463.44302,2022-02-13,0.026,5985,705,city,RS,380,0
Porto Alegre,4314902.0,2022-02-14,202207,1488252.0,1483771.0,False,False,230364,15478.8302,2022-02-14,0.026,5985,706,city,RS,229,0
Porto Alegre,4314902.0,2022-02-15,202207,1488252.0,1483771.0,False,False,231603,15562.08223,2022-02-15,0.0259,5993,707,city,RS,1239,8
Porto Alegre,4314902.0,2022-02-16,202207,1488252.0,1483771.0,False,False,232582,15627.8641,2022-02-16,0.0258,5996,708,city,RS,979,3
Porto Alegre,4314902.0,2022-02-17,202207,1488252.0,1483771.0,False,False,233532,15691.69737,2022-02-17,0.0257,6006,709,city,RS,950,10
Porto Alegre,4314902.0,2022-02-18,202207,1488252.0,1483771.0,False,False,234487,15755.86661,2022-02-18,0.0257,6015,710,city,RS,955,9
Porto Alegre,4314902.0,2022-02-19,202207,1488252.0,1483771.0,False,False,235281,15809.21779,2022-02-19,0.0256,6021,711,city,RS,794,6
Porto Alegre,4314902.0,2022-02-20,202208,1488252.0,1483771.0,False,True,235281,15809.21779,2022-02-19,0.0256,6021,712,city,RS,0,0
Porto Alegre,4314902.0,2022-02-21,202208,1488252.0,1483771.0,False,False,235678,15835.89338,2022-02-21,0.0256,6033,713,city,RS,397,12
Porto Alegre,4314902.0,2022-02-22,202208,1488252.0,1483771.0,False,False,236605,15898.18122,2022-02-22,0.0255,6039,714,city,RS,927,6
Porto Alegre,4314902.0,2022-02-23,202208,1488252.0,1483771.0,False,False,237261,15942.25978,2022-02-23,0.0255,6057,715,city,RS,656,18
Porto Alegre,4314902.0,2022-02-24,202208,1488252.0,1483771.0,False,False,237872,15983.31465,2022-02-24,0.0255,6075,716,city,RS,611,18
Porto Alegre,4314902.0,2022-02-25,202208,1488252.0,1483771.0,False,False,238423,16020.33795,2022-02-25,0.0255,6082,717,city,RS,551,7
Porto Alegre,4314902.0,2022-02-26,202208,1488252.0,1483771.0,False,False,238929,16054.33757,2022-02-26,0.0255,6093,718,city,RS,506,11
Porto Alegre,4314902.0,2022-02-27,202209,1488252.0,1483771.0,False,True,238929,16054.33757,2022-02-26,0.0255,6093,719,city,RS,0,0
Porto Alegre,4314902.0,2022-02-28,202209,1488252.0,1483771.0,False,True,238929,16054.33757,2022-02-26,0.0255,6093,720,city,RS,0,0
Porto Alegre,4314902.0,2022-03-01,202209,1488252.0,1483771.0,False,True,238929,16054.33757,2022-02-26,0.0255,6093,721,city,RS,0,0
Porto Alegre,4314902.0,2022-03-02,202209,1488252.0,1483771.0,False,False,239727,16107.95752,2022-03-02,0.0254,6098,722,city,RS,798,5
Porto Alegre,4314902.0,2022-03-03,202209,1488252.0,1483771.0,False,False,240229,16141.68837,2022-03-03,0.0254,6106,723,city,RS,502,8
Porto Alegre,4314902.0,2022-03-04,202209,1488252.0,1483771.0,False,False,240669,16171.25326,2022-03-04,0.0254,6119,724,city,RS,440,13
Porto Alegre,4314902.0,2022-03-05,202209,1488252.0,1483771.0,False,False,241030,16195.5099,2022-03-05,0.0254,6124,725,city,RS,361,5
Porto Alegre,4314902.0,2022-03-06,202210,1488252.0,1483771.0,False,False,241119,16201.49007,2022-03-06,0.0254,6124,726,city,RS,89,0
Porto Alegre,4314902.0,2022-03-07,202210,1488252.0,1483771.0,False,False,241231,16209.01568,2022-03-07,0.0254,6123,727,city,RS,112,-1
Porto Alegre,4314902.0,2022-03-08,202210,1488252.0,1483771.0,False,False,241577,16232.26443,2022-03-08,0.0254,6128,728,city,RS,346,5
Porto Alegre,4314902.0,2022-03-09,202210,1488252.0,1483771.0,False,False,241827,16249.06266,2022-03-09,0.0254,6140,729,city,RS,250,12
Porto Alegre,4314902.0,2022-03-10,202210,1488252.0,1483771.0,False,False,242052,16264.18107,2022-03-10,0.0254,6145,730,city,RS,225,5
Porto Alegre,4314902.0,2022-03-11,202210,1488252.0,1483771.0,False,False,242276,16279.23228,2022-03-11,0.0254,6147,731,city,RS,224,2
Porto Alegre,4314902.0,2022-03-12,202210,1488252.0,1483771.0,False,False,242968,16325.72978,2022-03-12,0.0253,6148,732,city,RS,692,1
Porto Alegre,4314902.0,2022-03-13,202211,1488252.0,1483771.0,False,False,243049,16331.17241,2022-03-13,0.0253,6149,733,city,RS,81,1
Porto Alegre,4314902.0,2022-03-14,202211,1488252.0,1483771.0,False,False,243114,16335.53995,2022-03-14,0.0253,6151,734,city,RS,65,2
Porto Alegre,4314902.0,2022-03-15,202211,1488252.0,1483771.0,False,False,243324,16349.65046,2022-03-15,0.0253,6156,735,city,RS,210,5
Porto Alegre,4314902.0,2022-03-16,202211,1488252.0,1483771.0,False,True,243324,16349.65046,2022-03-15,0.0253,6156,736,city,RS,0,0
Porto Alegre,4314902.0,2022-03-17,202211,1488252.0,1483771.0,False,False,243817,16382.77657,2022-03-17,0.0253,6160,737,city,RS,493,4
Porto Alegre,4314902.0,2022-03-18,202211,1488252.0,1483771.0,False,False,243932,16390.50376,2022-03-18,0.0253,6163,738,city,RS,115,3
Porto Alegre,4314902.0,2022-03-19,202211,1488252.0,1483771.0,False,True,243932,16390.50376,2022-03-18,0.0253,6163,739,city,RS,0,0
Porto Alegre,4314902.0,2022-03-20,202212,1488252.0,1483771.0,False,False,244251,16411.9383,2022-03-20,0.0253,6170,740,city,RS,319,7
Porto Alegre,4314902.0,2022-03-21,202212,1488252.0,1483771.0,False,False,244358,16419.12794,2022-03-21,0.0252,6170,741,city,RS,107,0
Porto Alegre,4314902.0,2022-03-22,202212,1488252.0,1483771.0,False,False,244563,16432.90249,2022-03-22,0.0253,6176,742,city,RS,205,6
Porto Alegre,4314902.0,2022-03-23,202212,1488252.0,1483771.0,False,False,245381,16487.8663,2022-03-23,0.0252,6178,743,city,RS,818,2
Porto Alegre,4314902.0,2022-03-24,202212,1488252.0,1483771.0,True,False,245594,16502.17839,2022-03-24,0.0252,6180,744,city,RS,213,2
Porto Alegre,4314902.0,2022-03-25,202212,1488252.0,1483771.0,False,True,245594,16502.17839,2022-03-24,0.0252,6180,745,city,RS,0,0
Porto Alegre,4314902.0,2022-03-26,202212,1488252.0,1483771.0,False,True,245594,16502.17839,2022-03-24,0.0252,6180,746,city,RS,0,0
Porto Alegre,4314902.0,2022-03-27,202213,1488252.0,1483771.0,False,True,245594,16502.17839,2022-03-24,0.0252,6180,747,city,RS,0,0
